file_id,file_name,source_group,prob_fold1,prob_fold2,prob_fold3,prob_fold4,prob_fold5,prob_mean,prob_std,prob_median,pred_label,confidence,n_patches,prame_source,component1_model
046f5cbe45a53ed7bfb59516e83ed6a3,046f5cbe45a53ed7bfb59516e83ed6a3.svs,cobra_bcc,0.9868107438087463,0.9757360816001892,0.9793097972869873,0.9689245820045471,0.9875398874282837,0.9796642184257507,0.006985623107652417,0.9793097972869873,1,0.9593284368515014,2258,component1_predicted,uni
0c13a216f7d236f4be909ffca1b2d235,0c13a216f7d236f4be909ffca1b2d235.svs,cobra_bcc,0.2649609446525574,0.15107516944408417,0.08899858593940735,0.0772295892238617,0.07114431262016296,0.13068172037601472,0.07291929755648471,0.08899858593940735,0,0.7386365592479706,945,component1_predicted,uni
0fd572c06229320c942be5952d460a37,0fd572c06229320c942be5952d460a37.svs,cobra_bcc,0.9606109261512756,0.9792482852935791,0.9637186527252197,0.9873702526092529,0.9861926436424255,0.9754281520843506,0.011222691484490385,0.9792482852935791,1,0.9508563041687013,4855,component1_predicted,uni
11c90832a9e63895bb35712cc5908bfd,11c90832a9e63895bb35712cc5908bfd.svs,cobra_bcc,0.3006669878959656,0.08243166655302048,0.042912475764751434,0.12705795466899872,0.08732012659311295,0.12807784229516983,0.09031717196123457,0.08732012659311295,0,0.7438443154096603,981,component1_predicted,uni
13498588650136f385f002ea99c6e936,13498588650136f385f002ea99c6e936.svs,cobra_bcc,0.9763621687889099,0.9633734226226807,0.9816840291023254,0.9697554707527161,0.987031877040863,0.975641393661499,0.008389556285859408,0.9763621687889099,1,0.9512827873229981,1686,component1_predicted,uni
165dcd8c2a2c3af6a5007f7af47f4fad,165dcd8c2a2c3af6a5007f7af47f4fad.svs,cobra_bcc,0.40811818838119507,0.2182893007993698,0.1715850979089737,0.21909424662590027,0.31773701310157776,0.2669647693634033,0.08515900228216139,0.21909424662590027,0,0.4660704612731934,1172,component1_predicted,uni
1877824798a04df7a76f94b402cbebcc,1877824798a04df7a76f94b402cbebcc.svs,cobra_bcc,0.39892876148223877,0.5718259811401367,0.31126129627227783,0.5986112952232361,0.430286705493927,0.46218280792236327,0.10810189267574244,0.430286705493927,0,0.07563438415527346,3793,component1_predicted,uni
1d8714389e4b35269b6c64d5d90b0b93,1d8714389e4b35269b6c64d5d90b0b93.svs,cobra_bcc,0.25554588437080383,0.12206491827964783,0.047996677458286285,0.10307842493057251,0.1362166404724121,0.13298050910234452,0.06821771054890732,0.12206491827964783,0,0.734038981795311,3911,component1_predicted,uni
207a819caaea303a9a591914841be41d,207a819caaea303a9a591914841be41d.svs,cobra_bcc,0.22744853794574738,0.11502790451049805,0.04546346887946129,0.07683330029249191,0.04167775809764862,0.10129019394516944,0.06837113109920039,0.07683330029249191,0,0.7974196121096611,1152,component1_predicted,uni
209fb143db32383d8702caec6b039787,209fb143db32383d8702caec6b039787.svs,cobra_bcc,0.8881394863128662,0.7661261558532715,0.8592961430549622,0.8477832674980164,0.8941091299057007,0.8510908365249634,0.04587033910112219,0.8592961430549622,1,0.7021816730499268,3424,component1_predicted,uni
234a4be7893230fea223dcee97406300,234a4be7893230fea223dcee97406300.svs,cobra_bcc,0.9255341291427612,0.8950441479682922,0.9654507040977478,0.9878227114677429,0.98139488697052,0.9510493159294129,0.035406609206518114,0.9654507040977478,1,0.9020986318588258,968,component1_predicted,uni
236332684dc43ebca29d361ae894cca3,236332684dc43ebca29d361ae894cca3.svs,cobra_bcc,0.27330920100212097,0.46212950348854065,0.2271764874458313,0.31321457028388977,0.2927890121936798,0.3137237548828125,0.07948151307798088,0.2927890121936798,0,0.372552490234375,1341,component1_predicted,uni
27b0e2ee40073e9382fa6d12c55acd05,27b0e2ee40073e9382fa6d12c55acd05.svs,cobra_bcc,0.9616589546203613,0.8202041983604431,0.9195130467414856,0.950598955154419,0.9579713344573975,0.9219892978668213,0.05301554378750079,0.950598955154419,1,0.8439785957336425,1328,component1_predicted,uni
27c03830ea7b3b7b8fa2ab61d4c0b6b8,27c03830ea7b3b7b8fa2ab61d4c0b6b8.svs,cobra_bcc,0.12021802365779877,0.1978040188550949,0.030004804953932762,0.0392875000834465,0.04955459386110306,0.0873737882822752,0.06372968295747874,0.04955459386110306,0,0.8252524234354496,3051,component1_predicted,uni
28b84fd6d6d032fea231bc3adb60d295,28b84fd6d6d032fea231bc3adb60d295.svs,cobra_bcc,0.5605942606925964,0.517794668674469,0.3528721332550049,0.6318514347076416,0.4488873779773712,0.5023999750614166,0.09550227787656584,0.517794668674469,1,0.004799950122833296,857,component1_predicted,uni
29089c0b9524383192190bc619fa0648,29089c0b9524383192190bc619fa0648.svs,cobra_bcc,0.41338399052619934,0.6392624974250793,0.47190341353416443,0.8229159116744995,0.8090464472770691,0.6313024520874023,0.16808837998124462,0.6392624974250793,1,0.26260490417480464,1378,component1_predicted,uni
2be0e4c86f3b3f679e21961b474ca9e3,2be0e4c86f3b3f679e21961b474ca9e3.svs,cobra_bcc,0.3198767900466919,0.1816161423921585,0.10203080624341965,0.1914747655391693,0.23116092383861542,0.20523188561201094,0.07101153934334999,0.1914747655391693,0,0.5895362287759781,1554,component1_predicted,uni
2c567a8f0e9d30ce869d57374794b924,2c567a8f0e9d30ce869d57374794b924.svs,cobra_bcc,0.3045799732208252,0.39186036586761475,0.2840994596481323,0.2253439724445343,0.33235079050064087,0.3076469123363495,0.05484496314247395,0.3045799732208252,0,0.384706175327301,2024,component1_predicted,uni
2c5a38b033a034c5934358f755d40b8f,2c5a38b033a034c5934358f755d40b8f.svs,cobra_bcc,0.9715794324874878,0.9693752527236938,0.930125892162323,0.9882900714874268,0.9841086268424988,0.968695855140686,0.020581085925276934,0.9715794324874878,1,0.937391710281372,654,component1_predicted,uni
2d4de023c4233dabbc755cc023a7465d,2d4de023c4233dabbc755cc023a7465d.svs,cobra_bcc,0.9797617197036743,0.9339884519577026,0.9585279226303101,0.9823535680770874,0.9833463430404663,0.9675956010818482,0.0191079102423731,0.9797617197036743,1,0.9351912021636963,906,component1_predicted,uni
2d6754aafad032e6b2ee402bb23f7505,2d6754aafad032e6b2ee402bb23f7505.svs,cobra_bcc,0.8231856822967529,0.26164454221725464,0.4307924509048462,0.473491907119751,0.8150447010993958,0.5608318567276,0.22248832017097758,0.473491907119751,1,0.1216637134552001,1826,component1_predicted,uni
2ddbb8450e943e8da1604ef03c678609,2ddbb8450e943e8da1604ef03c678609.svs,cobra_bcc,0.9806041717529297,0.9299827218055725,0.9907774925231934,0.9820080995559692,0.989884614944458,0.9746514201164246,0.022702198259839185,0.9820080995559692,1,0.9493028402328492,3105,component1_predicted,uni
2ddbf790dc5737378e57b7eb35048127,2ddbf790dc5737378e57b7eb35048127.svs,cobra_bcc,0.6673059463500977,0.31839168071746826,0.4255373775959015,0.8123152852058411,0.6809247136116028,0.5808950006961823,0.1811475239314591,0.6673059463500977,1,0.16179000139236455,1166,component1_predicted,uni
2ed4aeb62c9c375d942ca8bebfec0994,2ed4aeb62c9c375d942ca8bebfec0994.svs,cobra_bcc,0.008385312743484974,0.024681556969881058,0.020868953317403793,0.01943177357316017,0.0089645367115736,0.01646642666310072,0.006591610489445806,0.01943177357316017,0,0.9670671466737986,1614,component1_predicted,uni
2f46b8156bf93a66b47f622a4b2abbab,2f46b8156bf93a66b47f622a4b2abbab.svs,cobra_bcc,0.9773664474487305,0.9277995824813843,0.9905603528022766,0.98225337266922,0.9772109985351562,0.9710381507873536,0.022156817237468377,0.9773664474487305,1,0.9420763015747071,1367,component1_predicted,uni
30978158b78d3a468a78f2b781d33611,30978158b78d3a468a78f2b781d33611.svs,cobra_bcc,0.9460667371749878,0.8347310423851013,0.5265700817108154,0.9680991172790527,0.9613954424858093,0.8473724842071533,0.16756532935851307,0.9460667371749878,1,0.6947449684143066,1126,component1_predicted,uni
313756fa2c293b4195f04ddb56646924,313756fa2c293b4195f04ddb56646924.svs,cobra_bcc,0.9415013790130615,0.7986618876457214,0.9020394682884216,0.9412455558776855,0.9265194535255432,0.9019935488700866,0.053629363255364604,0.9265194535255432,1,0.8039870977401733,2052,component1_predicted,uni
3165d4601f9a36aba96bb30b330a0616,3165d4601f9a36aba96bb30b330a0616.svs,cobra_bcc,0.7857410907745361,0.28011569380760193,0.6426909565925598,0.9633688926696777,0.8135049939155579,0.6970843255519867,0.23200980288450904,0.7857410907745361,1,0.3941686511039735,1843,component1_predicted,uni
327229d0efc031c393103fd9cb985f74,327229d0efc031c393103fd9cb985f74.svs,cobra_bcc,0.16619542241096497,0.3775459825992584,0.19247198104858398,0.178888738155365,0.23429568111896515,0.2298795610666275,0.07730450794728211,0.19247198104858398,0,0.540240877866745,681,component1_predicted,uni
329784f15132384f989ee325e3f192d4,329784f15132384f989ee325e3f192d4.svs,cobra_bcc,0.9031662344932556,0.8288050889968872,0.9284980893135071,0.9729615449905396,0.9493931531906128,0.9165648221969604,0.049562052914626856,0.9284980893135071,1,0.8331296443939209,2029,component1_predicted,uni
35ee749fa8433d509c33c54fb0ef5bfb,35ee749fa8433d509c33c54fb0ef5bfb.svs,cobra_bcc,0.20456738770008087,0.09334762394428253,0.04885951057076454,0.051204416900873184,0.07894362509250641,0.0953845128417015,0.05711708778002267,0.07894362509250641,0,0.809230974316597,2306,component1_predicted,uni
3a4ea0d4fa24316db4076695a80c2ff0,3a4ea0d4fa24316db4076695a80c2ff0.svs,cobra_bcc,0.8461994528770447,0.21360890567302704,0.7731308341026306,0.8988621830940247,0.9207292795181274,0.7305061310529709,0.263405830649624,0.8461994528770447,1,0.4610122621059418,989,component1_predicted,uni
3bcdb9886c5f3d8ca4c9ba86bbfb72aa,3bcdb9886c5f3d8ca4c9ba86bbfb72aa.svs,cobra_bcc,0.9753451347351074,0.9556911587715149,0.9588990211486816,0.9781301021575928,0.9802348613739014,0.9696600556373596,0.01026467994321579,0.9753451347351074,1,0.9393201112747191,3234,component1_predicted,uni
40a45dcf22a7312fa2902127042d6182,40a45dcf22a7312fa2902127042d6182.svs,cobra_bcc,0.1843031793832779,0.09652238339185715,0.05492951720952988,0.09531933814287186,0.04496202617883682,0.09520728886127472,0.04916646224375298,0.09531933814287186,0,0.8095854222774506,518,component1_predicted,uni
40cc503d419a39e6986e18285525ea0c,40cc503d419a39e6986e18285525ea0c.svs,cobra_bcc,0.743529736995697,0.8138949275016785,0.49373528361320496,0.8405037522315979,0.8603781461715698,0.7504083693027497,0.13429032833486398,0.8138949275016785,1,0.5008167386054994,1657,component1_predicted,uni
41c11dbab7573af2933de3176671530e,41c11dbab7573af2933de3176671530e.svs,cobra_bcc,0.15341369807720184,0.26990166306495667,0.04026048630475998,0.027562765404582024,0.06911607086658478,0.11205093674361706,0.09029202888807011,0.06911607086658478,0,0.7758981265127659,1945,component1_predicted,uni
422084b6296e3eeba819dc33fb86302b,422084b6296e3eeba819dc33fb86302b.svs,cobra_bcc,0.4012766480445862,0.10972309857606888,0.09284352511167526,0.6130104660987854,0.5294932723045349,0.34926940202713014,0.2134860219230589,0.4012766480445862,0,0.3014611959457397,440,component1_predicted,uni
42a5d08977783118aa09c4d489aa7afe,42a5d08977783118aa09c4d489aa7afe.svs,cobra_bcc,0.3200896084308624,0.08387519419193268,0.11457360535860062,0.1255171298980713,0.1790793091058731,0.16462696939706803,0.08358620730048218,0.1255171298980713,0,0.670746061205864,1301,component1_predicted,uni
42f435e0dbe93c4291887037084e05a8,42f435e0dbe93c4291887037084e05a8.svs,cobra_bcc,0.5797730684280396,0.0869591012597084,0.27815374732017517,0.411653608083725,0.40423986315727234,0.35215587764978407,0.16362637471503613,0.40423986315727234,0,0.29568824470043187,2491,component1_predicted,uni
47b5a94219ab3044bc4eff9fb5107db5,47b5a94219ab3044bc4eff9fb5107db5.svs,cobra_bcc,0.38918405771255493,0.2968175411224365,0.16377750039100647,0.38633546233177185,0.13141129910945892,0.2735051721334457,0.10852333960942723,0.2968175411224365,0,0.45298965573310856,1707,component1_predicted,uni
47d060f7285e3c738c97dd4ea1aacd92,47d060f7285e3c738c97dd4ea1aacd92.svs,cobra_bcc,0.6887053847312927,0.21197107434272766,0.38927751779556274,0.6033309698104858,0.5779845714569092,0.49425390362739563,0.17171118012351827,0.5779845714569092,0,0.01149219274520874,990,component1_predicted,uni
4879d37c5841398da547629e42720c56,4879d37c5841398da547629e42720c56.svs,cobra_bcc,0.7778235673904419,0.24398739635944366,0.3979121148586273,0.4252854287624359,0.6694228053092957,0.5028862625360488,0.1935949512099712,0.4252854287624359,1,0.0057725250720976895,4211,component1_predicted,uni
4e32b2847d5f381196d524ef51b99f69,4e32b2847d5f381196d524ef51b99f69.svs,cobra_bcc,0.12657278776168823,0.06416983902454376,0.07652794569730759,0.23896478116512299,0.030103232711553574,0.10726771727204323,0.07276471772508618,0.07652794569730759,0,0.7854645654559136,6267,component1_predicted,uni
4fd87a22114d30c78cd3c32f1ebe5909,4fd87a22114d30c78cd3c32f1ebe5909.svs,cobra_bcc,0.9443798661231995,0.9196173548698425,0.9461981058120728,0.9808599948883057,0.9833173751831055,0.9548745393753052,0.024135975357567375,0.9461981058120728,1,0.9097490787506104,5182,component1_predicted,uni
5281b4e784103f85ba6d4daf492739e3,5281b4e784103f85ba6d4daf492739e3.svs,cobra_bcc,0.8974612355232239,0.9059196710586548,0.4278850555419922,0.9690694212913513,0.9527044296264648,0.8306079626083374,0.2031777921939515,0.9059196710586548,1,0.6612159252166747,895,component1_predicted,uni
53a0fb2d1dde302d8031177231164b7b,53a0fb2d1dde302d8031177231164b7b.svs,cobra_bcc,0.09637556970119476,0.3570825159549713,0.07006347924470901,0.2713448405265808,0.12672226130962372,0.1843177333474159,0.11092924287131008,0.12672226130962372,0,0.6313645333051682,3923,component1_predicted,uni
53c8fbdb8ff93441843ec7d7131cfe00,53c8fbdb8ff93441843ec7d7131cfe00.svs,cobra_bcc,0.4520636200904846,0.08369395136833191,0.11328884959220886,0.28389665484428406,0.15202291309833527,0.21699319779872894,0.13599896678355455,0.15202291309833527,0,0.5660136044025421,1387,component1_predicted,uni
54ebbe1ed10b37dd915e04e5c523e718,54ebbe1ed10b37dd915e04e5c523e718.svs,cobra_bcc,0.7967351078987122,0.5074788331985474,0.5371381640434265,0.9449722170829773,0.879269003868103,0.7331186652183532,0.1786676195280491,0.7967351078987122,1,0.46623733043670645,737,component1_predicted,uni
557b3e5caadd39f7b7a91c5a6b6ea831,557b3e5caadd39f7b7a91c5a6b6ea831.svs,cobra_bcc,0.9599372148513794,0.919350266456604,0.9611563086509705,0.9818496108055115,0.9841428399085999,0.9612872481346131,0.023262583696677257,0.9611563086509705,1,0.9225744962692262,1853,component1_predicted,uni
559389cc624436ce805608af1780e117,559389cc624436ce805608af1780e117.svs,cobra_bcc,0.2605544626712799,0.2912817895412445,0.11254440248012543,0.23086820542812347,0.1883842498064041,0.2167266219854355,0.06218771893631791,0.23086820542812347,0,0.5665467560291291,3090,component1_predicted,uni
55dbe37120583aa281765918df79744d,55dbe37120583aa281765918df79744d.svs,cobra_bcc,0.7393722534179688,0.2793598473072052,0.2741273045539856,0.5696009397506714,0.7803285121917725,0.5285577714443207,0.21741677085599584,0.5696009397506714,1,0.0571155428886414,1967,component1_predicted,uni
5962fc7fe85633948d9648e802b85d3e,5962fc7fe85633948d9648e802b85d3e.svs,cobra_bcc,0.9710561037063599,0.9506605863571167,0.977961540222168,0.9838659167289734,0.9845952987670898,0.9736278891563416,0.01247391592067432,0.977961540222168,1,0.9472557783126831,6277,component1_predicted,uni
5db141b2b2183cc181d6e8455aa34ebb,5db141b2b2183cc181d6e8455aa34ebb.svs,cobra_bcc,0.9854347705841064,0.9588598012924194,0.9854391813278198,0.9810627102851868,0.9894039630889893,0.9800400853157043,0.01091407592956364,0.9854347705841064,1,0.9600801706314086,4740,component1_predicted,uni
5e3b6c8b0259343b931bed7432bd5384,5e3b6c8b0259343b931bed7432bd5384.svs,cobra_bcc,0.6086124777793884,0.30432766675949097,0.3587675392627716,0.448706716299057,0.24322310090065002,0.3927275002002716,0.1273258584016187,0.3587675392627716,0,0.21454499959945683,736,component1_predicted,uni
6193868294563b8c9d181a00f53eb3c2,6193868294563b8c9d181a00f53eb3c2.svs,cobra_bcc,0.1816198229789734,0.033317238092422485,0.03008906915783882,0.6289365291595459,0.08395789563655853,0.19158411100506784,0.22542798341766304,0.08395789563655853,0,0.6168317779898643,1048,component1_predicted,uni
61e51b054e6539bf8c0e1b2947dc620b,61e51b054e6539bf8c0e1b2947dc620b.svs,cobra_bcc,0.9438931941986084,0.918960452079773,0.9693350195884705,0.9829391241073608,0.9643474817276001,0.9558950543403626,0.022323384130455308,0.9643474817276001,1,0.9117901086807252,4885,component1_predicted,uni
6447f21d57d43b0da0cf6a5dc07055a1,6447f21d57d43b0da0cf6a5dc07055a1.svs,cobra_bcc,0.24413421750068665,0.17751368880271912,0.16867463290691376,0.2720774710178375,0.24206970632076263,0.22089394330978393,0.040538820042659324,0.24206970632076263,0,0.5582121133804321,1727,component1_predicted,uni
645de571f6763ae987bd87ac4f0a26eb,645de571f6763ae987bd87ac4f0a26eb.svs,cobra_bcc,0.8500959873199463,0.2704704999923706,0.567146897315979,0.7765503525733948,0.9210991263389587,0.6770725727081299,0.23528314398399497,0.7765503525733948,1,0.35414514541625985,2239,component1_predicted,uni
661b356f3e193f6297d4fc6623df63eb,661b356f3e193f6297d4fc6623df63eb.svs,cobra_bcc,0.16368402540683746,0.15968181192874908,0.2046975940465927,0.3250397741794586,0.12946197390556335,0.19651303589344024,0.06858022652131418,0.16368402540683746,0,0.6069739282131195,2777,component1_predicted,uni
6623458a36993afab049540be2535b02,6623458a36993afab049540be2535b02.svs,cobra_bcc,0.7828541398048401,0.33029454946517944,0.46102672815322876,0.9747210144996643,0.9363846778869629,0.6970562219619751,0.2576669074199741,0.7828541398048401,1,0.3941124439239503,2346,component1_predicted,uni
671179d3627d3b2f85f6ef679d60cb9d,671179d3627d3b2f85f6ef679d60cb9d.svs,cobra_bcc,0.8732292652130127,0.7531846165657043,0.5568731427192688,0.9519287943840027,0.9243462681770325,0.8119124174118042,0.14456811451389182,0.8732292652130127,1,0.6238248348236084,912,component1_predicted,uni
676f9104c22e396e932a3065c02d0ece,676f9104c22e396e932a3065c02d0ece.svs,cobra_bcc,0.6259042620658875,0.23824217915534973,0.27783632278442383,0.46718326210975647,0.5616983771324158,0.43417288064956666,0.15293352756690873,0.46718326210975647,0,0.13165423870086668,1156,component1_predicted,uni
68c626987b7330a290528a8c1ce8c542,68c626987b7330a290528a8c1ce8c542.svs,cobra_bcc,0.9734317064285278,0.9464475512504578,0.9518489837646484,0.9857226014137268,0.9859241843223572,0.9686750054359436,0.016661066172732428,0.9734317064285278,1,0.9373500108718873,3590,component1_predicted,uni
6e446729fbe4391a83c7299f877c4cea,6e446729fbe4391a83c7299f877c4cea.svs,cobra_bcc,0.8700613975524902,0.6719983816146851,0.5011810064315796,0.9145939350128174,0.8872717022895813,0.7690212845802307,0.15908206722975374,0.8700613975524902,1,0.5380425691604613,7308,component1_predicted,uni
76058195cf393dbb9ddd1edd26742943,76058195cf393dbb9ddd1edd26742943.svs,cobra_bcc,0.9671050310134888,0.913595974445343,0.9393320083618164,0.9592003226280212,0.9757881760597229,0.9510043025016784,0.022254321160266575,0.9592003226280212,1,0.9020086050033569,2368,component1_predicted,uni
7633039a4124368ca0acdb455a228dc2,7633039a4124368ca0acdb455a228dc2.svs,cobra_bcc,0.5733546614646912,0.1644582450389862,0.5705773234367371,0.3339625298976898,0.356153279542923,0.39970120787620544,0.1555065376253883,0.356153279542923,0,0.2005975842475891,5100,component1_predicted,uni
7679d82dee613e0b9ca4c31e1c899902,7679d82dee613e0b9ca4c31e1c899902.svs,cobra_bcc,0.6904517412185669,0.16435058414936066,0.19623900949954987,0.309133380651474,0.5541322231292725,0.3828613877296448,0.2058913436661208,0.309133380651474,0,0.23427722454071043,949,component1_predicted,uni
76914b037a9f343dae88dd74eb71160f,76914b037a9f343dae88dd74eb71160f.svs,cobra_bcc,0.3213672637939453,0.10016851872205734,0.08671244978904724,0.28755515813827515,0.19648896157741547,0.1984584704041481,0.09507550467678336,0.19648896157741547,0,0.6030830591917038,7430,component1_predicted,uni
789db6ac89803a838484ca3a365afe9c,789db6ac89803a838484ca3a365afe9c.svs,cobra_bcc,0.9626043438911438,0.8385778665542603,0.915462076663971,0.9306116700172424,0.9719029664993286,0.9238317847251892,0.04732525601101102,0.9306116700172424,1,0.8476635694503785,1665,component1_predicted,uni
7b613a6cf5743ea4927105d3c190870b,7b613a6cf5743ea4927105d3c190870b.svs,cobra_bcc,0.5810651779174805,0.09264349937438965,0.424140065908432,0.342081755399704,0.23876997828483582,0.33574009537696836,0.16525031083917485,0.342081755399704,0,0.3285198092460633,2277,component1_predicted,uni
7cd6124b1ab63002be3da2408d61edc0,7cd6124b1ab63002be3da2408d61edc0.svs,cobra_bcc,0.9596337676048279,0.9485678672790527,0.9605153799057007,0.9835758805274963,0.9793470501899719,0.9663279891014099,0.013122550548777378,0.9605153799057007,1,0.9326559782028199,1013,component1_predicted,uni
7dae4d085420308f8486c145a1fd33e8,7dae4d085420308f8486c145a1fd33e8.svs,cobra_bcc,0.9752420783042908,0.9768200516700745,0.9547669291496277,0.9784792065620422,0.9844604134559631,0.9739537358283996,0.010088402286770569,0.9768200516700745,1,0.9479074716567992,3022,component1_predicted,uni
7f9c8676809938d081ae07157dec9f12,7f9c8676809938d081ae07157dec9f12.svs,cobra_bcc,0.36307650804519653,0.27235114574432373,0.2720875144004822,0.13823194801807404,0.22994346916675568,0.2551381170749664,0.07285065451688129,0.2720875144004822,0,0.48972376585006716,693,component1_predicted,uni
861227e62b0131a682cbb656aae7b008,861227e62b0131a682cbb656aae7b008.svs,cobra_bcc,0.5776770710945129,0.2766740024089813,0.20058707892894745,0.27439868450164795,0.6512645483016968,0.3961202770471573,0.181867126662216,0.2766740024089813,0,0.2077594459056854,1208,component1_predicted,uni
87c072d234283a99b0ff1b92a185f97d,87c072d234283a99b0ff1b92a185f97d.svs,cobra_bcc,0.6916990876197815,0.2010933756828308,0.4729599058628082,0.9690727591514587,0.8555838465690613,0.6380817949771881,0.27494039053732766,0.6916990876197815,1,0.2761635899543762,698,component1_predicted,uni
89211d2605ce389a96d776c03c48768d,89211d2605ce389a96d776c03c48768d.svs,cobra_bcc,0.9182357788085938,0.9137341976165771,0.954886257648468,0.9806947708129883,0.9803503751754761,0.9495802760124207,0.0290189009841605,0.954886257648468,1,0.8991605520248414,1983,component1_predicted,uni
8bf7bf35738f3cb2904946b4becdbf09,8bf7bf35738f3cb2904946b4becdbf09.svs,cobra_bcc,0.9533840417861938,0.7877325415611267,0.9263575673103333,0.9791065454483032,0.9845457077026367,0.9262252807617187,0.07227109375790884,0.9533840417861938,1,0.8524505615234375,1898,component1_predicted,uni
8f11b601ee5d39fa8b0e9299312c3d00,8f11b601ee5d39fa8b0e9299312c3d00.svs,cobra_bcc,0.7349454164505005,0.33862996101379395,0.6555675268173218,0.5344100594520569,0.9194039702415466,0.6365913867950439,0.19454490551359427,0.6555675268173218,1,0.2731827735900878,2121,component1_predicted,uni
8ffb3f448a733da8874aaca7c1e3a0fb,8ffb3f448a733da8874aaca7c1e3a0fb.svs,cobra_bcc,0.660710334777832,0.16839224100112915,0.2986702620983124,0.6197687983512878,0.6283883452415466,0.4751859962940216,0.2020270473223775,0.6197687983512878,0,0.04962800741195683,1294,component1_predicted,uni
90290af30cf43be8ac0f86894890830c,90290af30cf43be8ac0f86894890830c.svs,cobra_bcc,0.974770724773407,0.9803512692451477,0.9763903617858887,0.9760159254074097,0.9754157662391663,0.9765888094902039,0.0019598542587393715,0.9760159254074097,1,0.9531776189804078,1720,component1_predicted,uni
90e45e691437309d9c64d6bd60fa9c11,90e45e691437309d9c64d6bd60fa9c11.svs,cobra_bcc,0.9708802103996277,0.9818124771118164,0.9633306264877319,0.9661867022514343,0.9605275392532349,0.9685475111007691,0.007463378071854845,0.9661867022514343,1,0.9370950222015382,1029,component1_predicted,uni
914a3f7ff7433d7f90b4d4af00003f93,914a3f7ff7433d7f90b4d4af00003f93.svs,cobra_bcc,0.791628897190094,0.26777660846710205,0.6300152540206909,0.9655575156211853,0.9058479070663452,0.7121652364730835,0.24990597020180313,0.791628897190094,1,0.424330472946167,6657,component1_predicted,uni
917afb8acd733dfdb306b327a7ea6e15,917afb8acd733dfdb306b327a7ea6e15.svs,cobra_bcc,0.8183966875076294,0.6705645322799683,0.7529151439666748,0.37042826414108276,0.8343453407287598,0.689329993724823,0.16957664303595296,0.7529151439666748,1,0.3786599874496459,1736,component1_predicted,uni
957d4fde7ffd3c898fdb02a1ec3355ed,957d4fde7ffd3c898fdb02a1ec3355ed.svs,cobra_bcc,0.839712381362915,0.5387680530548096,0.8981608152389526,0.9803403615951538,0.8978204727172852,0.8309604167938233,0.15280936021679556,0.8978204727172852,1,0.6619208335876465,1189,component1_predicted,uni
967bac99185636aab1e4fab08d0116a9,967bac99185636aab1e4fab08d0116a9.svs,cobra_bcc,0.7075852751731873,0.20357824862003326,0.45741507411003113,0.7314556241035461,0.5348392724990845,0.5269746989011764,0.19179065983844507,0.5348392724990845,1,0.05394939780235286,1448,component1_predicted,uni
971568f1389633dfabf6fae83a2289aa,971568f1389633dfabf6fae83a2289aa.svs,cobra_bcc,0.8150944113731384,0.16044221818447113,0.5170696973800659,0.9849995970726013,0.8271654844284058,0.6609542816877365,0.29244001409947196,0.8150944113731384,1,0.321908563375473,859,component1_predicted,uni
9a115df29b7935099e737c88144670a3,9a115df29b7935099e737c88144670a3.svs,cobra_bcc,0.5949820876121521,0.4558144807815552,0.15167884528636932,0.6739473342895508,0.7492049932479858,0.5251255482435226,0.21047846530715897,0.5949820876121521,1,0.05025109648704529,848,component1_predicted,uni
9ba79463625f3438b3e8ab0c674a4045,9ba79463625f3438b3e8ab0c674a4045.svs,cobra_bcc,0.837424635887146,0.9129230380058289,0.9511552453041077,0.9781986474990845,0.9576540589332581,0.927471125125885,0.04972976097074124,0.9511552453041077,1,0.8549422502517701,3705,component1_predicted,uni
9bfe6411f8b532bd8e0e184d635dac11,9bfe6411f8b532bd8e0e184d635dac11.svs,cobra_bcc,0.7431917190551758,0.5848960280418396,0.4728223383426666,0.7664014101028442,0.9580952525138855,0.7050813496112823,0.16590198610991497,0.7431917190551758,1,0.41016269922256465,2863,component1_predicted,uni
a0fcafe3ec463c54bd2b398c27cfb8cd,a0fcafe3ec463c54bd2b398c27cfb8cd.svs,cobra_bcc,0.9663733839988708,0.9497722387313843,0.9846104383468628,0.9844521284103394,0.9830026030540466,0.9736421585083008,0.013765062201234959,0.9830026030540466,1,0.9472843170166017,8422,component1_predicted,uni
a1f6a489d04130aba4f49c67eeb3ae42,a1f6a489d04130aba4f49c67eeb3ae42.svs,cobra_bcc,0.3970576226711273,0.44626522064208984,0.37965768575668335,0.5481492877006531,0.35920485854148865,0.42606693506240845,0.06749513681632521,0.3970576226711273,0,0.1478661298751831,1800,component1_predicted,uni
a3e91324748b3141b4d068f8ccf54410,a3e91324748b3141b4d068f8ccf54410.svs,cobra_bcc,0.9636910557746887,0.9260754585266113,0.982987642288208,0.9806944131851196,0.9821438193321228,0.9671184778213501,0.02171715425237396,0.9806944131851196,1,0.9342369556427002,1162,component1_predicted,uni
a7e249b3bc8e39cc8bc812f89c126d49,a7e249b3bc8e39cc8bc812f89c126d49.svs,cobra_bcc,0.5378250479698181,0.208608940243721,0.13732056319713593,0.39550071954727173,0.4725361764431,0.35035828948020936,0.15335384665700919,0.39550071954727173,0,0.2992834210395813,1176,component1_predicted,uni
a819aa5a389b34ffbecf52fae4542a11,a819aa5a389b34ffbecf52fae4542a11.svs,cobra_bcc,0.49126020073890686,0.2869790196418762,0.4440287947654724,0.905145525932312,0.2951606512069702,0.4845148384571075,0.22516225386868946,0.4440287947654724,0,0.030970323085784957,1411,component1_predicted,uni
a9b1f5cd071c3b95b0d1359b4a57f9e9,a9b1f5cd071c3b95b0d1359b4a57f9e9.svs,cobra_bcc,0.9880551695823669,0.984534502029419,0.9855388402938843,0.9816997647285461,0.9884501695632935,0.985655689239502,0.002469278411535646,0.9855388402938843,1,0.971311378479004,1996,component1_predicted,uni
aa8db3148f6b331193287d6aa6e2f0d0,aa8db3148f6b331193287d6aa6e2f0d0.svs,cobra_bcc,0.9812102913856506,0.9634478092193604,0.9906616806983948,0.9765790700912476,0.9771709442138672,0.9778139591217041,0.008774094878278226,0.9771709442138672,1,0.9556279182434082,2433,component1_predicted,uni
aa9e9bec924c3f35812eb7d57ff9b743,aa9e9bec924c3f35812eb7d57ff9b743.svs,cobra_bcc,0.5989980101585388,0.3929208219051361,0.4880218803882599,0.3024007976055145,0.7135329246520996,0.4991748869419098,0.14563542315376285,0.4880218803882599,0,0.0016502261161803755,193,component1_predicted,uni
abee5ede319b31ce94c7a6a37a5dc2ad,abee5ede319b31ce94c7a6a37a5dc2ad.svs,cobra_bcc,0.13216440379619598,0.052322495728731155,0.03898823633790016,0.12999489903450012,0.040804386138916016,0.07885488420724869,0.04289140624716714,0.052322495728731155,0,0.8422902315855026,1459,component1_predicted,uni
ad6159089dde3d3cb049405646818d97,ad6159089dde3d3cb049405646818d97.svs,cobra_bcc,0.45170485973358154,0.15660449862480164,0.23710697889328003,0.2889656722545624,0.663669764995575,0.3596103549003601,0.18007923183385502,0.2889656722545624,0,0.28077929019927983,4136,component1_predicted,uni
b10a2bdcf40131bfa950d254732d9e10,b10a2bdcf40131bfa950d254732d9e10.svs,cobra_bcc,0.697289764881134,0.2713884711265564,0.42781978845596313,0.37670740485191345,0.5062965154647827,0.45590038895606994,0.14276785146066115,0.42781978845596313,0,0.08819922208786013,1805,component1_predicted,uni
b5e4471fbe033b29b5725481e653170d,b5e4471fbe033b29b5725481e653170d.svs,cobra_bcc,0.32033246755599976,0.2648220658302307,0.05254127457737923,0.6992549896240234,0.742186427116394,0.4158274449408054,0.26485472060555043,0.32033246755599976,0,0.16834511011838915,549,component1_predicted,uni
b64445ddc55a3699983ac446f8b24330,b64445ddc55a3699983ac446f8b24330.svs,cobra_bcc,0.9253607392311096,0.9674352407455444,0.9069622159004211,0.9705265164375305,0.9731854796409607,0.9486940383911133,0.027253287199589776,0.9674352407455444,1,0.8973880767822267,2883,component1_predicted,uni
b748e6dac9c9369b86cbe40d13030ee5,b748e6dac9c9369b86cbe40d13030ee5.svs,cobra_bcc,0.4461227357387543,0.5126164555549622,0.3440311551094055,0.6085911989212036,0.4476560950279236,0.47180352807044984,0.08711480110297376,0.4476560950279236,0,0.05639294385910032,242,component1_predicted,uni
b93f9a7055903b4dbe52873be736d7ba,b93f9a7055903b4dbe52873be736d7ba.svs,cobra_bcc,0.40908583998680115,0.06587386131286621,0.19959816336631775,0.6178727746009827,0.16392026841640472,0.2912701815366745,0.19797729346062237,0.19959816336631775,0,0.417459636926651,4424,component1_predicted,uni
ba1430fc488a3fba982a72c0def23eba,ba1430fc488a3fba982a72c0def23eba.svs,cobra_bcc,0.7662160396575928,0.23674793541431427,0.33496373891830444,0.6569756865501404,0.7144943475723267,0.5418795496225357,0.21414448611946957,0.6569756865501404,1,0.08375909924507141,2024,component1_predicted,uni
ba5a8d229b163a83aa59e2cfcad4b472,ba5a8d229b163a83aa59e2cfcad4b472.svs,cobra_bcc,0.9810749888420105,0.9741042852401733,0.974065899848938,0.9741759896278381,0.989791750907898,0.9786425828933716,0.006192143002112454,0.9741759896278381,1,0.9572851657867432,5296,component1_predicted,uni
bb8b3c7a18403d68805a5b12055e5d53,bb8b3c7a18403d68805a5b12055e5d53.svs,cobra_bcc,0.8167765736579895,0.3836042284965515,0.43144625425338745,0.9711602330207825,0.8179375529289246,0.6841849684715271,0.2332598246533738,0.8167765736579895,1,0.3683699369430542,1311,component1_predicted,uni
bbaca5300ee03a1f8e7f045f6d39c60b,bbaca5300ee03a1f8e7f045f6d39c60b.svs,cobra_bcc,0.9501377940177917,0.8968601226806641,0.9650213122367859,0.9567248225212097,0.9829582571983337,0.950340461730957,0.028915033302980935,0.9567248225212097,1,0.900680923461914,1901,component1_predicted,uni
bd64c4b5a18e308591672198af287152,bd64c4b5a18e308591672198af287152.svs,cobra_bcc,0.12033259868621826,0.06956087797880173,0.026295706629753113,0.05733470618724823,0.04103292524814606,0.06291136294603347,0.032223860067591203,0.05733470618724823,0,0.874177274107933,1876,component1_predicted,uni
bd8e69cc75f8358b96e5f5119e51389a,bd8e69cc75f8358b96e5f5119e51389a.svs,cobra_bcc,0.40059971809387207,0.10686318576335907,0.1504531055688858,0.11758650094270706,0.20615747570991516,0.19633199721574784,0.10782600421523343,0.1504531055688858,0,0.6073360055685043,1446,component1_predicted,uni
bddd9e30b6ae3e8d889158f54e2eb7e1,bddd9e30b6ae3e8d889158f54e2eb7e1.svs,cobra_bcc,0.5372270941734314,0.051645100116729736,0.3752390146255493,0.7213793992996216,0.38574734330177307,0.414247590303421,0.22057579441749867,0.38574734330177307,0,0.17150481939315798,551,component1_predicted,uni
be749ba044843a76ae1c70a6da36aed0,be749ba044843a76ae1c70a6da36aed0.svs,cobra_bcc,0.7013833522796631,0.415510892868042,0.7754845023155212,0.9568641781806946,0.8931601047515869,0.7484806060791016,0.18877079334536515,0.7754845023155212,1,0.4969612121582032,563,component1_predicted,uni
c08438110db23a81a31e8d0c2bf8d3ce,c08438110db23a81a31e8d0c2bf8d3ce.svs,cobra_bcc,0.6147974729537964,0.1914760321378708,0.327648401260376,0.37117549777030945,0.5555124282836914,0.4121219664812088,0.1543601051587519,0.37117549777030945,0,0.1757560670375824,1167,component1_predicted,uni
c4d8b8d4e0723c50954513a7d13a1677,c4d8b8d4e0723c50954513a7d13a1677.svs,cobra_bcc,0.6952808499336243,0.3265877962112427,0.1660454273223877,0.6782302260398865,0.7582612037658691,0.524881100654602,0.23456409630711236,0.6782302260398865,1,0.04976220130920406,1762,component1_predicted,uni
c5e2634a62c7356fab3459a3077fd158,c5e2634a62c7356fab3459a3077fd158.svs,cobra_bcc,0.5107274055480957,0.09345492720603943,0.13286279141902924,0.19037958979606628,0.30701422691345215,0.24688778817653656,0.1503083840145338,0.19037958979606628,0,0.5062244236469269,2374,component1_predicted,uni
cd392cb10afd3023b440321af3f1c492,cd392cb10afd3023b440321af3f1c492.svs,cobra_bcc,0.9531421661376953,0.9252753257751465,0.9712494015693665,0.979171097278595,0.9857171773910522,0.9629110336303711,0.021752772332815355,0.9712494015693665,1,0.9258220672607422,7233,component1_predicted,uni
cdcf2641378c3cf6a8078a65418e4727,cdcf2641378c3cf6a8078a65418e4727.svs,cobra_bcc,0.14690792560577393,0.09477180242538452,0.06362016499042511,0.06371212005615234,0.07552342861890793,0.08890708833932877,0.0311506958563543,0.07552342861890793,0,0.8221858233213425,2203,component1_predicted,uni
ce8ecac3f5783a1eab07c5905ba5f446,ce8ecac3f5783a1eab07c5905ba5f446.svs,cobra_bcc,0.9567180275917053,0.9112948179244995,0.9662359952926636,0.9819201827049255,0.9861311912536621,0.9604600429534912,0.026773603081184583,0.9662359952926636,1,0.9209200859069824,951,component1_predicted,uni
cf357b26e7713ad8b2147c8bc64fe7c3,cf357b26e7713ad8b2147c8bc64fe7c3.svs,cobra_bcc,0.9790742993354797,0.8822983503341675,0.9784092307090759,0.9777863621711731,0.9843373894691467,0.9603811264038086,0.03911064292493773,0.9784092307090759,1,0.9207622528076171,1091,component1_predicted,uni
cf381286e5ae3bc19fb26026248b1cba,cf381286e5ae3bc19fb26026248b1cba.svs,cobra_bcc,0.9687241911888123,0.9202857613563538,0.9786433577537537,0.9780442118644714,0.9803573489189148,0.9652109742164612,0.02282608607129631,0.9780442118644714,1,0.9304219484329224,1208,component1_predicted,uni
d199c39f818d3d66885d96abd28e6297,d199c39f818d3d66885d96abd28e6297.svs,cobra_bcc,0.9853569865226746,0.9759647250175476,0.977702796459198,0.968873918056488,0.9870861768722534,0.9789969205856324,0.006621641086875027,0.977702796459198,1,0.9579938411712647,1499,component1_predicted,uni
d1c7af9d027e3072b64c82285acb84eb,d1c7af9d027e3072b64c82285acb84eb.svs,cobra_bcc,0.8370743989944458,0.4961300194263458,0.7167885899543762,0.5284724831581116,0.835978090763092,0.6828887164592743,0.14634340891950776,0.7167885899543762,1,0.3657774329185486,2596,component1_predicted,uni
d341ed4134e036658fdae6d2ce60077d,d341ed4134e036658fdae6d2ce60077d.svs,cobra_bcc,0.9574963450431824,0.8902419209480286,0.8710829615592957,0.9836277961730957,0.9869121313095093,0.9378722310066223,0.04819344844836439,0.9574963450431824,1,0.8757444620132446,1658,component1_predicted,uni
dac070d3bd1b34fda390a9ef60b62408,dac070d3bd1b34fda390a9ef60b62408.svs,cobra_bcc,0.8480179309844971,0.7695130109786987,0.6664063930511475,0.3092239499092102,0.8555263876914978,0.6897375345230102,0.2021077359334291,0.7695130109786987,1,0.37947506904602046,1145,component1_predicted,uni
db404acabe443facaaba641514099cea,db404acabe443facaaba641514099cea.svs,cobra_bcc,0.2629721462726593,0.3145906925201416,0.116977758705616,0.17492026090621948,0.0907842218875885,0.192049016058445,0.0851236739591179,0.17492026090621948,0,0.61590196788311,1885,component1_predicted,uni
dd04ed727b4b34d784d7fa9ef940d21f,dd04ed727b4b34d784d7fa9ef940d21f.svs,cobra_bcc,0.5635956525802612,0.22333411872386932,0.4850119650363922,0.26661360263824463,0.38658520579338074,0.3850281089544296,0.12810347805343467,0.38658520579338074,0,0.22994378209114075,1346,component1_predicted,uni
dd43494aebde3767bb6b7d26d5a5e37b,dd43494aebde3767bb6b7d26d5a5e37b.svs,cobra_bcc,0.92225182056427,0.842185914516449,0.8388010859489441,0.618054986000061,0.9658161997795105,0.837422001361847,0.11985629110297975,0.842185914516449,1,0.6748440027236939,1832,component1_predicted,uni
de169dfd9624303fadb111500972c5fc,de169dfd9624303fadb111500972c5fc.svs,cobra_bcc,0.9559610486030579,0.9621152877807617,0.9466260075569153,0.9399988651275635,0.9654903411865234,0.9540383100509644,0.009509277069658414,0.9559610486030579,1,0.9080766201019288,1609,component1_predicted,uni
debf0c38f75c3b69b183dd87598bec18,debf0c38f75c3b69b183dd87598bec18.svs,cobra_bcc,0.5383915305137634,0.16676181554794312,0.5664240717887878,0.4121039807796478,0.24577420949935913,0.3858911216259003,0.15759824658706023,0.4121039807796478,0,0.22821775674819944,1762,component1_predicted,uni
ded869fcfd573bf3bac10ca31fa5b4e0,ded869fcfd573bf3bac10ca31fa5b4e0.svs,cobra_bcc,0.9803810715675354,0.9548986554145813,0.988200306892395,0.9808493256568909,0.9824511408805847,0.9773561000823975,0.011569322888409736,0.9808493256568909,1,0.954712200164795,1567,component1_predicted,uni
df04be81848738189e5b7c19e0fd762a,df04be81848738189e5b7c19e0fd762a.svs,cobra_bcc,0.9770025014877319,0.9199272990226746,0.9559560418128967,0.9735174179077148,0.9836199283599854,0.9620046377182007,0.022942487916501084,0.9735174179077148,1,0.9240092754364013,1205,component1_predicted,uni
df9d45db9fd036748eab59590539bd22,df9d45db9fd036748eab59590539bd22.svs,cobra_bcc,0.9822284579277039,0.9590234756469727,0.979159951210022,0.9773968458175659,0.989568293094635,0.9774754047393799,0.010120741266635317,0.979159951210022,1,0.9549508094787598,1895,component1_predicted,uni
e03db5d68180358d93064ef52392445d,e03db5d68180358d93064ef52392445d.svs,cobra_bcc,0.4151124954223633,0.27866122126579285,0.3721556067466736,0.2365482896566391,0.3217754662036896,0.3248506158590317,0.06375764518272563,0.3217754662036896,0,0.3502987682819366,1357,component1_predicted,uni
e095a37246f031229cafb265a8bf29f3,e095a37246f031229cafb265a8bf29f3.svs,cobra_bcc,0.6706693768501282,0.1949058473110199,0.3600468933582306,0.8126964569091797,0.7578595876693726,0.5592356324195862,0.24021810532677668,0.6706693768501282,1,0.11847126483917236,1229,component1_predicted,uni
e0c3a92b343b3409b693d164b5954137,e0c3a92b343b3409b693d164b5954137.svs,cobra_bcc,0.9689154028892517,0.9108965992927551,0.9720683693885803,0.9376199245452881,0.9763170480728149,0.9531634688377381,0.025178153041473934,0.9689154028892517,1,0.9063269376754761,2143,component1_predicted,uni
e13d11a2982b3fd9a11117077f4519f7,e13d11a2982b3fd9a11117077f4519f7.svs,cobra_bcc,0.5788396000862122,0.09412277489900589,0.122551329433918,0.8976056575775146,0.5817065238952637,0.45496517717838286,0.30595589288698544,0.5788396000862122,0,0.09006964564323428,197,component1_predicted,uni
e188ddd1355635eeb044995180625bf5,e188ddd1355635eeb044995180625bf5.svs,cobra_bcc,0.6460551619529724,0.45863181352615356,0.3487096428871155,0.8606758117675781,0.7325457334518433,0.6093236327171325,0.18457436730439727,0.6460551619529724,1,0.21864726543426505,2426,component1_predicted,uni
e2a35483f3b535928f32c19750492579,e2a35483f3b535928f32c19750492579.svs,cobra_bcc,0.9658527374267578,0.932573139667511,0.9873773455619812,0.9781882762908936,0.9676843881607056,0.9663351774215698,0.01857523676365389,0.9676843881607056,1,0.9326703548431396,1421,component1_predicted,uni
e2cc4a7c135e3adab45fbb4b6daee85c,e2cc4a7c135e3adab45fbb4b6daee85c.svs,cobra_bcc,0.4572523832321167,0.08432929217815399,0.23839394748210907,0.24129673838615417,0.20102961361408234,0.24446039497852326,0.12071076474545833,0.23839394748210907,0,0.5110792100429535,3202,component1_predicted,uni
e341a36c139c34e4921cabcdeabb9f0e,e341a36c139c34e4921cabcdeabb9f0e.svs,cobra_bcc,0.454623281955719,0.2528630793094635,0.11371263861656189,0.151528999209404,0.21255265176296234,0.23705613017082214,0.11892371728989624,0.21255265176296234,0,0.5258877396583557,1999,component1_predicted,uni
e482722ae0b33ceaa7a9c1d971a78337,e482722ae0b33ceaa7a9c1d971a78337.svs,cobra_bcc,0.8984407186508179,0.45372089743614197,0.6316318511962891,0.845226526260376,0.8935198187828064,0.7445079624652863,0.17512406432383185,0.845226526260376,1,0.48901592493057255,1003,component1_predicted,uni
e48cd51091c436f0b8f2568f8613cdbe,e48cd51091c436f0b8f2568f8613cdbe.svs,cobra_bcc,0.5289705991744995,0.18713614344596863,0.41132813692092896,0.9602603912353516,0.8193405270576477,0.5814071595668793,0.2783049261059326,0.5289705991744995,1,0.16281431913375854,905,component1_predicted,uni
e4dbf454607d3342b51e378215d8a9d7,e4dbf454607d3342b51e378215d8a9d7.svs,cobra_bcc,0.4666401445865631,0.19534847140312195,0.3664233386516571,0.24511276185512543,0.36429721117019653,0.32756438553333284,0.09641649617094841,0.36429721117019653,0,0.34487122893333433,2741,component1_predicted,uni
e5d55bf9cc793410ad4d66b8408dd24a,e5d55bf9cc793410ad4d66b8408dd24a.svs,cobra_bcc,0.2678738832473755,0.2543187141418457,0.13319353759288788,0.23180508613586426,0.5586336851119995,0.28916498124599455,0.14275727956961393,0.2543187141418457,0,0.4216700375080109,674,component1_predicted,uni
e697dfb6134c3f389ba0252022a2b1f1,e697dfb6134c3f389ba0252022a2b1f1.svs,cobra_bcc,0.5052181482315063,0.21322345733642578,0.10371853411197662,0.14626501500606537,0.189872607588768,0.23165955245494843,0.14183192510042017,0.189872607588768,0,0.5366808950901032,1133,component1_predicted,uni
e6c55676fe7b3df08f29ec5ee5529a70,e6c55676fe7b3df08f29ec5ee5529a70.svs,cobra_bcc,0.9481600522994995,0.8754374384880066,0.8768897652626038,0.955031156539917,0.974153459072113,0.925934374332428,0.0415234821216777,0.9481600522994995,1,0.851868748664856,1016,component1_predicted,uni
e956c8a3641335b8a3b95372a03388ba,e956c8a3641335b8a3b95372a03388ba.svs,cobra_bcc,0.6428138017654419,0.5703866481781006,0.07414186745882034,0.44275033473968506,0.5425646305084229,0.45453145653009414,0.20072744754231828,0.5425646305084229,0,0.09093708693981173,3684,component1_predicted,uni
e95980d10ec03f3297810de19d0c0919,e95980d10ec03f3297810de19d0c0919.svs,cobra_bcc,0.9858739376068115,0.9720944166183472,0.9828419089317322,0.9718114137649536,0.9877240657806396,0.9800691485404969,0.006808348802733517,0.9828419089317322,1,0.9601382970809937,3188,component1_predicted,uni
ec2281dc05d83364a41927fe18548696,ec2281dc05d83364a41927fe18548696.svs,cobra_bcc,0.823526918888092,0.8277217149734497,0.656021237373352,0.8847459554672241,0.878042459487915,0.8140116572380066,0.08287673164300746,0.8277217149734497,1,0.6280233144760132,4952,component1_predicted,uni
ec63f1202d91354c8fab52cc380c75f2,ec63f1202d91354c8fab52cc380c75f2.svs,cobra_bcc,0.3043263852596283,0.06128595769405365,0.06353268772363663,0.11409410834312439,0.10951067507266998,0.13054996281862258,0.08966661512382852,0.10951067507266998,0,0.7389000743627548,1973,component1_predicted,uni
ece4b8d21e2e3936aaa2d7507bc558c9,ece4b8d21e2e3936aaa2d7507bc558c9.svs,cobra_bcc,0.6361640095710754,0.250752717256546,0.5044668912887573,0.15694624185562134,0.46190619468688965,0.402047210931778,0.17426879991797142,0.46190619468688965,0,0.19590557813644405,1115,component1_predicted,uni
ee1af257cc9f3d22ac9cc15717157e9d,ee1af257cc9f3d22ac9cc15717157e9d.svs,cobra_bcc,0.6032635569572449,0.5380938053131104,0.5509737730026245,0.37591415643692017,0.6061587929725647,0.5348808169364929,0.08401958662143694,0.5509737730026245,1,0.06976163387298584,1453,component1_predicted,uni
ee30906ecfe631a9989c77618d1d338d,ee30906ecfe631a9989c77618d1d338d.svs,cobra_bcc,0.5530959367752075,0.6132210493087769,0.3022562861442566,0.40981602668762207,0.5997568368911743,0.49562922716140745,0.12060664836648649,0.5530959367752075,0,0.008741545677185103,1286,component1_predicted,uni
eeb377e4e4763337aa1fe075ae9bb1cf,eeb377e4e4763337aa1fe075ae9bb1cf.svs,cobra_bcc,0.9498615264892578,0.9673654437065125,0.915107250213623,0.9544349312782288,0.9690295457839966,0.9511597394943238,0.01946355079324583,0.9544349312782288,1,0.9023194789886475,1160,component1_predicted,uni
ef5ab10066b7312bb207f4b88be41f70,ef5ab10066b7312bb207f4b88be41f70.svs,cobra_bcc,0.9573743343353271,0.8376410007476807,0.9410220980644226,0.9607862234115601,0.9801911115646362,0.9354029536247254,0.05044205638476593,0.9573743343353271,1,0.8708059072494507,1616,component1_predicted,uni
ef83b15d1bd331d19dfee91341b51db8,ef83b15d1bd331d19dfee91341b51db8.svs,cobra_bcc,0.2821107506752014,0.08651214092969894,0.15730169415473938,0.292633593082428,0.04023578763008118,0.17175879329442978,0.10155055115110766,0.15730169415473938,0,0.6564824134111404,2994,component1_predicted,uni
efc62073604e325cabe22981225feba5,efc62073604e325cabe22981225feba5.svs,cobra_bcc,0.7309509515762329,0.5346264839172363,0.2873632311820984,0.3737936317920685,0.5648186802864075,0.4983105957508087,0.15483343898039428,0.5346264839172363,0,0.0033788084983825684,1187,component1_predicted,uni
f17e3adf73a039e49e687c9a0dcf2f66,f17e3adf73a039e49e687c9a0dcf2f66.svs,cobra_bcc,0.9659271836280823,0.8974577784538269,0.9394418597221375,0.984911322593689,0.9869264364242554,0.9549329161643982,0.03342612269548204,0.9659271836280823,1,0.9098658323287965,794,component1_predicted,uni
f21c7b9086773bc2aa5146e4e94c4158,f21c7b9086773bc2aa5146e4e94c4158.svs,cobra_bcc,0.9750300645828247,0.8651742339134216,0.9552991390228271,0.9642909169197083,0.973457932472229,0.9466504573822021,0.04134828490545641,0.9642909169197083,1,0.8933009147644042,1174,component1_predicted,uni
f2b880f882b7310ba2cbecb99eef75d8,f2b880f882b7310ba2cbecb99eef75d8.svs,cobra_bcc,0.22968220710754395,0.05573172867298126,0.13929615914821625,0.43050965666770935,0.1270844042301178,0.1964608311653137,0.12943576103068283,0.13929615914821625,0,0.6070783376693726,1334,component1_predicted,uni
f8b8a4cd96fa36c29f47c93679dad610,f8b8a4cd96fa36c29f47c93679dad610.svs,cobra_bcc,0.7186659574508667,0.42839285731315613,0.2910885214805603,0.41886165738105774,0.6890748739242554,0.5092167735099793,0.1664297952360738,0.42839285731315613,1,0.018433547019958585,641,component1_predicted,uni
f9ceff394e3e31acac32ad4010ab56c9,f9ceff394e3e31acac32ad4010ab56c9.svs,cobra_bcc,0.9483361840248108,0.8911922574043274,0.9169809818267822,0.9480449557304382,0.9461976289749146,0.9301504015922546,0.02280185024372359,0.9461976289749146,1,0.8603008031845092,2913,component1_predicted,uni
facdcc7da1d439a9b895b8d4564dd818,facdcc7da1d439a9b895b8d4564dd818.svs,cobra_bcc,0.6858863234519958,0.43247246742248535,0.3956735134124756,0.5230852365493774,0.5769443511962891,0.5228123784065246,0.10377769219919131,0.5230852365493774,1,0.04562475681304923,5015,component1_predicted,uni
fcffcabd42c9324b9c85c05945c45582,fcffcabd42c9324b9c85c05945c45582.svs,cobra_bcc,0.8649616837501526,0.5010514259338379,0.4784669578075409,0.9411503672599792,0.9602653384208679,0.7491791546344757,0.21432143185964106,0.8649616837501526,1,0.4983583092689514,1708,component1_predicted,uni
fe573b42c2563b38a92fe539f8121c71,fe573b42c2563b38a92fe539f8121c71.svs,cobra_bcc,0.6086350083351135,0.17585952579975128,0.6868628859519958,0.426737517118454,0.7031066417694092,0.5202403157949448,0.19817048095438503,0.6086350083351135,1,0.04048063158988957,1271,component1_predicted,uni
fe7132d5b9693cb5aca5c75c490cf582,fe7132d5b9693cb5aca5c75c490cf582.svs,cobra_bcc,0.967448890209198,0.8166536092758179,0.9196986556053162,0.9934275150299072,0.9890424609184265,0.9372542262077331,0.06572957360160742,0.967448890209198,1,0.8745084524154663,2615,component1_predicted,uni
fec23558f8033a67961420b27925d455,fec23558f8033a67961420b27925d455.svs,cobra_bcc,0.9371923208236694,0.7996931672096252,0.9662290215492249,0.9871364831924438,0.9877970814704895,0.9356096148490906,0.0704157419863408,0.9662290215492249,1,0.8712192296981811,2992,component1_predicted,uni
ff524be57b1235d9a9b93d75fc287153,ff524be57b1235d9a9b93d75fc287153.svs,cobra_bcc,0.22702258825302124,0.11806277930736542,0.39785870909690857,0.5994100570678711,0.18266957998275757,0.3050047427415848,0.17394870182328065,0.22702258825302124,0,0.3899905145168304,2971,component1_predicted,uni
