case_id,submitter_id,file_id,prame_tpm,prame_label,prame_group
71b347ac-6ac6-475d-8e21-754764180948,TCGA-Z2-AA3S,ac71179d-766b-43e4-8cd4-04c6b63a70e1,2673.9446,1,high
0eb0b477-1c7a-4416-895a-ea6463dbe847,TCGA-EB-A5KH,f30a50c6-41a7-4cc5-b6c1-40a7e5d2fa73,1968.0698,1,high
1af5d168-a3ff-4648-b195-ede2e7a5ca26,TCGA-EE-A29M,cebcd3ab-a574-4504-8007-2d12d92d5e55,1557.1571,1,high
f1713c39-26b8-4667-a08b-f8cf6d2b8e13,TCGA-YG-AA3P,26f47a26-8f8c-401c-9215-3c744d8be063,1394.4715,1,high
fed23055-1600-4128-8d73-e1aa902a9d1d,TCGA-D9-A148,3f8e4896-62b2-4102-b083-507aca152fdc,1281.0333,1,high
d84d9c7b-b464-4ea1-8c39-9c929bb34c08,TCGA-EE-A17Z,8ba83836-6f6a-474d-945e-8240f175fc09,1238.7893,1,high
58f0ae89-e277-4dff-bb73-777cdf602dc7,TCGA-EE-A2M6,da78e095-a01f-481a-98b3-93e559407a89,1213.0544,1,high
668701cf-9c73-4caf-8482-3f478235909a,TCGA-DA-A95Z,b888409c-180f-4365-885e-8e887721a968,1152.5981,1,high
745c699b-8ecf-4653-b41f-6620f11bcf39,TCGA-FS-A4FD,db4f787e-1275-4bdd-ba39-eafb8e3121fd,1141.2085,1,high
7b617d72-ae16-4829-a1d9-274d1d30617f,TCGA-YD-A89C,720e1e69-184a-4b7e-bba0-8d4fbc1adaf3,1111.9031,1,high
590b5e18-d837-4c0e-becf-80520db57c0f,TCGA-Z2-A8RT,7b449550-eb94-4b75-9835-37ee18d182ea,1085.3968,1,high
865128c9-2e8e-4683-9232-174282ae984d,TCGA-EE-A2A5,1cac64eb-6dde-4e9f-9bd2-1d94a5cca7a5,1072.9226,1,high
6b02def4-04ca-4ba0-bc48-262c4d8a294c,TCGA-EB-A44P,264c2801-550b-4087-bd92-8157753a226b,1061.6576,1,high
e58bed18-503c-4182-bcf3-5af6f20e1b8a,TCGA-EE-A2GB,d4330cf6-e37d-4761-89d0-0fd985615aae,1053.1379,1,high
debd7156-8b97-4bdf-9dd9-7e469277d252,TCGA-EB-A4P0,60b9da6a-d9d4-42c2-b2dc-6d8242cf1567,1048.8498,1,high
436a0116-eada-4b8f-aafe-29eb7f3241c4,TCGA-FW-A3I3,607aa123-b046-4f47-a098-2cfd2b2fe577,1038.3022,1,high
be73fde2-d843-426b-9306-a02d3f2a754b,TCGA-EE-A2GN,d03c77e0-8b7b-4be7-a258-bad868690e3b,1020.5724,1,high
fda160c9-efdc-4263-98f1-e38b00571b4d,TCGA-EB-A5SE,0c5744ec-f8ca-42a9-a493-4d66f9740669,1015.5328,1,high
3a27966b-2c4c-402f-b71b-df7925c36a7c,TCGA-D3-A2JH,e9756382-11dd-4218-a76f-29609fd85e19,1015.1384,1,high
56d4ca9b-c050-45b4-b636-03fe2251fa1a,TCGA-WE-A8ZR,8bc6e827-abc8-4499-950c-cea2a65e6d41,1002.8902,1,high
d7ee2693-39a8-4e3a-b6f6-e4729800e34e,TCGA-EB-A24D,fac8149c-e53b-40c5-bf87-2324156a18f7,1000.4327,1,high
95f469b1-e109-4d0e-b9aa-2060207f8a03,TCGA-D3-A8GP,4f85f74b-2f5f-4529-aef2-2467f4e13290,993.4173,1,high
0f579238-5a11-4adc-9c80-572cbb2ce58f,TCGA-WE-A8K5,3b684369-ea5c-43e4-8a58-0d550b2ca1e5,985.011,1,high
6783fb7d-f509-47c6-b39f-535a9026f6bc,TCGA-BF-AAP1,40c7d7fb-f6e0-4891-a941-88724b31666d,984.2487,1,high
0bb8c284-412b-4bbc-a508-d0a21db376cd,TCGA-ER-A19F,1cc85ed9-2f62-4388-9657-8e39e36a10b4,970.2432,1,high
2e0f7da5-9078-4c7f-b074-565246529a83,TCGA-BF-AAOX,2ddc83c1-35f0-4060-95d5-dbfe479642f3,961.025,1,high
aa597e8b-7813-4837-b778-4dafe3b091bb,TCGA-EB-A5SH,d0c42dcd-73f9-47f4-b18c-285ece825e1d,956.6048,1,high
f55914f3-f19a-4d93-b368-554ec1a9cf40,TCGA-FR-A729,08858805-ac7c-4ab9-9df3-a1f99f85a279,944.0091,1,high
cf409c7c-ff82-4529-bda4-554310843bc5,TCGA-WE-AAA3,7b5b2b7a-8b22-4e41-9faa-ffa3c7fa727b,939.5885,1,high
ea3c0988-17c7-4eb0-a1a6-cef1e0865384,TCGA-ER-A42H,36fb8a2b-4671-4df9-8c06-263ee7dc8e15,933.0321,1,high
7ee2f8d5-6c31-4f5f-a779-b43979e66d0b,TCGA-EE-A180,11583ac4-aac9-4506-9f5f-7370c9636c99,929.4784,1,high
919dfc28-6b55-452e-884c-48cb86802ac2,TCGA-EE-A2GR,6d7cf168-33c8-463d-83a1-9ba835e77086,924.9346,1,high
0e2af161-5a1e-47e1-a7ef-010e47b8cb40,TCGA-EE-A2MF,f60d9aed-560f-4325-8423-b0ed5c7e7fcc,924.3614,1,high
f6ff5e77-60d8-4987-9a92-654fd4db81f1,TCGA-FS-A1ZZ,04830303-b63a-4362-a03b-9cf0750e2063,904.0305,1,high
14407399-b1f0-46bf-9179-8bf11c39d919,TCGA-D3-A8GL,cd2830dc-6445-47c5-bdb2-fe52a36450c4,901.7341,1,high
800f3039-97e0-441e-8292-4ccf1bb4797a,TCGA-EB-A6QZ,eb5e89cf-e731-4e82-acab-bc11f4ae7855,898.3895,1,high
ef9f1829-0eed-47b3-9d44-06d0a8bb2bfb,TCGA-OD-A75X,905f0b11-0d02-4e19-a15b-93b56b6b94a7,897.3818,1,high
7f7bc51f-7f75-4796-9ce5-a4735c3c0807,TCGA-GN-A8LN,04705af1-2ee5-4aea-9273-5f7372f4aad9,884.5976,1,high
8b93bdb4-b64b-4940-a814-f5b3f5ae56cc,TCGA-EB-A3Y6,a5019d98-9b20-464f-b702-6109f86d8ece,884.491,1,high
90aa7540-93e7-4ffa-9e77-879198be1e7b,TCGA-ER-A19G,fd479d44-39dc-40a1-941b-67012d4663ca,881.5266,1,high
2ec330f8-96e4-4270-aadc-563bb72f4b2c,TCGA-D3-A2JE,3fa8ca20-a82b-482a-bccf-5b7b38768b4c,860.6265,1,high
c3a8881b-70f8-402c-ac75-1cc49fca4e87,TCGA-FS-A1YY,4db2d4c0-19d2-4464-97e4-2a3140994a4f,859.756,1,high
1404791b-86bf-4dfd-85b4-c8ff356f109c,TCGA-FS-A1ZK,b36ebb94-8ea7-4ce6-8d16-83af643fb2bf,855.9187,1,high
96fc529a-6ad3-456f-a41a-63238ecbb9c4,TCGA-EB-A431,3fdc53df-b3b6-4ec0-a62c-f3d4bd333bcf,847.8227,1,high
b6b51b28-bdee-4fe6-a3f3-7b128e16721c,TCGA-GN-A26D,32d77f7f-9757-41a0-96c3-bccd4d1fb30e,842.2798,1,high
1f66a0e1-640a-4caa-85f1-61c6de475cf1,TCGA-D3-A51R,a3e0b623-035f-4f3d-8476-ac7fd0d60ea1,841.807,1,high
9d86940d-50fb-4d2f-8b1e-539196885f46,TCGA-FS-A1ZN,ff327399-14e8-4926-a7f9-27318dc5dd76,840.4743,1,high
5f39db5b-e5c6-4b7c-acbc-a7c73b556829,TCGA-WE-A8ZY,2f4ee6db-303e-40b6-9bf1-6aa168fd2f51,826.2864,1,high
2c79add1-8093-4e81-8f80-069af7b7c2fa,TCGA-FS-A1ZE,ab4c3e77-9668-4029-a3fa-d5759a18f91f,821.3042,1,high
87dc5c05-3121-46bf-adba-061f45cecf27,TCGA-FS-A4F5,294e1d82-6193-4b6a-bf9c-7e5c874de5b4,820.3708,1,high
b4079a49-bb11-430a-9a1e-19bd46d87fbe,TCGA-EE-A2GI,915b0047-c8c4-4a4d-951c-8e5619cc89ec,814.7342,1,high
0153f141-625e-4623-9f8a-296678002c63,TCGA-D3-A3ML,c53c476f-3cba-4a0c-adec-52943b368d70,807.1411,1,high
c03152cb-c6e6-47e2-a1cb-2354260a3661,TCGA-D3-A5GS,698a72de-c0b0-4a97-b2a4-9acf4df06db8,806.5274,1,high
585a8d2e-cd09-4a61-b7c9-e8f70ce39e69,TCGA-EE-A2A2,f522018b-3509-40a2-98ec-b0f9d8b92183,800.4213,1,high
3a8cfea5-1dcd-4dbb-bbd9-5bb602c54922,TCGA-EE-A184,852435f1-d6c4-4efa-8c27-ab27245640df,799.7446,1,high
238111f9-a08b-49b4-9035-cc43026330e7,TCGA-D3-A1Q5,ce3b6d73-7ed9-4502-9cc7-3176ba66ec3f,787.5813,1,high
0f1fb775-c4a2-4a1e-8b09-f935233cdaee,TCGA-EE-A3AD,06659cc6-27fe-44c1-806e-457868ea7c3c,787.3019,1,high
880bb701-f1d3-4bf2-bfc8-143ad8d07b6a,TCGA-EE-A2GS,1e7cfce7-21c7-477c-9494-7fdeba9a846d,784.9077,1,high
d781260c-f969-456e-bf16-044dc5b181a4,TCGA-FR-A8YC,afdc80d5-1388-4a92-9807-5575a0209e91,784.7879,1,high
93a31e9f-6557-4f15-a49f-5dfea2c588b2,TCGA-EE-A3AE,2b378d98-f5d2-4f73-81b4-e201177e13a1,780.735,1,high
8aad9690-d1ad-424b-9a80-d7980760d093,TCGA-EE-A29N,03829d5e-7928-4b70-b496-d8a26620fdde,774.3808,1,high
f8e01148-6fc7-4451-b24a-f3510cd24f9d,TCGA-WE-A8ZM,d2bdd151-17ab-4061-9b56-acb12a4ad065,771.8612,1,high
6ac4e3df-6c43-4c73-8f4c-f89c3626f2d5,TCGA-D3-A5GU,b6eda0bb-5d08-45b4-9fbb-2fdd07db8169,770.3301,1,high
42fb358c-cc9b-4963-9d16-4a7aa915002a,TCGA-D3-A8GJ,fe6f0138-1707-4c1c-980f-4711f7c04dec,766.8295,1,high
f581a9b5-8956-4ac3-9375-370c446cad29,TCGA-D3-A3MV,04f94e10-a3b8-4eac-9dfd-0745571698a0,764.199,1,high
e0d36cc0-652c-4224-bb10-09d15c7bd8f1,TCGA-FS-A1ZF,2667bec0-5fb6-4499-88c5-6dbf8c58ab2f,762.9956,1,high
e865b9be-ca10-4805-9634-2f35ad18b63e,TCGA-WE-A8K4,4a836377-512e-4b2c-96c3-ac3906985de0,762.7576,1,high
caaf50a4-13b5-4003-b52f-e5f9780f9f94,TCGA-EB-A3XE,6af765aa-3805-416d-9688-ba5d24d1b03a,762.6388,1,high
a9255dcb-b236-4777-ac43-555e3a5386c3,TCGA-EB-A3XB,2d189755-b948-46d2-92bc-51788453202c,760.3878,1,high
a5286cd0-403a-421b-ab58-11e250740b00,TCGA-EE-A2GJ,d197dca9-78f1-4675-a2cf-7509b3b100b9,759.8722,1,high
638eb185-fe03-4632-a969-9655e3339b2e,TCGA-GN-A8LL,f462cb00-be8f-4f26-85a6-03dbf043a881,759.1444,1,high
47a16bf2-229b-4e9a-8b5e-3dcc61fa9106,TCGA-D3-A2JG,a3bf68fc-460f-49a2-a94e-4063537ab563,757.0488,1,high
f52ae9f4-8a61-4ff2-9c24-23f4048d3da6,TCGA-FS-A1ZG,a6270c4d-f101-4404-852d-1bdd3785fbeb,751.7991,1,high
85400bf1-23e0-4e0f-8df7-f0d108641aee,TCGA-D3-A3MO,69df044b-cac2-46e9-b28a-e3264c48b468,751.6963,1,high
f0744fa2-db4a-40de-9fd2-f61863fd98d4,TCGA-D9-A1X3,6a15d826-5616-43ab-87ff-a9a193d0c155,746.1655,1,high
c5476668-4b3f-47bb-9d67-488cef891243,TCGA-EE-A3AC,30872d33-244d-4d66-817e-fb86e897e086,745.5098,1,high
c0b0255b-74fd-4af7-a2b0-5a82829f680b,TCGA-D3-A3C6,e1014f24-a114-4f70-b72f-95077e1cca4d,743.4378,1,high
4a4f5ee9-b588-4357-b058-effbfb53e2c3,TCGA-EE-A2MS,8e913dc0-81e2-4d51-b18e-d27dce439193,742.5615,1,high
70f52403-b4d0-4e77-96c5-68ce7265e312,TCGA-EE-A20F,3d67cbe2-5802-45ce-b224-772d665b3441,741.2727,1,high
e36c9411-773b-4a8e-9b43-895b3cb044c7,TCGA-GN-A262,fea970e9-b09c-439c-9b4c-da5f5331643a,736.0758,1,high
af915978-c5e1-4dd4-ab0e-d2be5ac0ae4f,TCGA-D9-A6EC,4f97f4d8-fc1c-4423-90de-a66470322787,735.9379,1,high
e699a2a7-dbff-4122-8114-87d70a56f59f,TCGA-EE-A17Y,e0855900-7f4b-4a49-997a-2bbd5bf4268f,733.5598,1,high
af852862-f01e-4ddd-82c6-9781c93ef20b,TCGA-GF-A769,469bc8df-9a94-484e-9844-ffe6b89ee2c0,732.8964,1,high
ef40fa3d-807b-47c1-9f77-58e9778ce391,TCGA-BF-A5ES,8ffd5617-149a-479e-a7d3-81c49c067fee,730.7447,1,high
a3df4ba6-538e-4b53-a356-eb1ef743b2ab,TCGA-FS-A1ZY,dfb021ae-9736-4497-b1a2-f647fdf281c3,730.0421,1,high
0797caaf-18ad-41c6-820a-e96554d14b31,TCGA-EE-A2MN,b487aab5-b70d-4f9f-8b19-8efeaa420b3a,729.6315,1,high
57882f61-4a32-49f1-afd4-61c70b184d8b,TCGA-FS-A1ZT,a550e9b4-f276-4bb2-903c-8055fc96fa43,725.9009,1,high
49f961af-1126-431d-93cd-18941c1738f3,TCGA-FR-A726,f1c96d98-c614-4a8e-8035-bb3bd0f665f6,718.365,1,high
800d3a17-269f-4d97-94ff-8585f20038d8,TCGA-DA-A1HW,90aecade-b0c5-4fc9-b5c5-d6a5493fb017,715.173,1,high
259b4d49-7cfc-420f-ba5e-65febc328ce4,TCGA-D9-A6E9,4185651f-b3cf-46a0-8108-f1609bcb37bc,706.3277,1,high
7c6e2fe9-d1ff-4bf4-bda1-cc3615eb3584,TCGA-BF-AAP2,2348b25a-1aaa-4554-b181-a431fcb7f5a0,705.906,1,high
24faa36a-268d-4a13-b3ae-eacd431a2bcc,TCGA-EE-A2GU,170aa982-33f1-41d0-b0f0-2585d6e8f906,705.893,1,high
3d0cbbc9-f2ef-4d3e-ad55-b5cae6787c28,TCGA-EE-A2GM,293079bc-8ce1-4e83-98a3-34e147aaecef,705.6239,1,high
d32a4219-4cca-470f-b6b3-11447d9f5e0b,TCGA-ER-A2NF,25091999-a496-480b-a60c-e43703ecb9d4,703.767,1,high
8509f10a-c454-45a5-9c22-853fda423b9f,TCGA-EE-A2MJ,5a9aae7b-4e56-4109-a744-ee851856372f,703.5288,1,high
c787c4da-c564-44f1-89eb-dd9da107acb1,TCGA-EB-A44O,a20d9e3d-4b44-4843-8387-b75b20ba47a5,702.0693,1,high
c4ed9e22-b5d7-4469-89a8-861a86791c8b,TCGA-D9-A3Z4,a3b94365-2a03-4dff-a776-c97c74273d54,694.7541,1,high
b6750b08-c59d-49b9-8c08-a19e17cb366f,TCGA-WE-A8ZO,6f7f6a7c-94a4-4a30-b768-b8d23d1d9b7f,691.1663,1,high
3582fb74-f43d-4fcd-8f22-bb1506fcff1c,TCGA-DA-A3F3,d3a51657-163d-488f-a7af-a2dc0caaf289,691.0301,1,high
f027da44-6adc-4207-93ac-e8bf45a1bf3d,TCGA-FR-A3YN,a95414b1-7b8a-41b0-bf44-0a283ffb57a7,683.9899,1,high
e11a109d-31cb-40f7-aa17-50797b287a4f,TCGA-ER-A19H,05ba6463-6a5d-4281-aea4-84bf76bb65aa,683.7587,1,high
c8ba1856-d055-4dc6-a184-72763c76aae4,TCGA-EE-A29H,ee55def2-95bc-4697-82fc-c628b2fd729d,679.4278,1,high
41c4f51a-e908-42f9-9805-5cff5b12708c,TCGA-EE-A3JA,2dc18822-81e0-4200-9cde-94007b64bac6,675.2924,1,high
76cc1d42-acec-46b3-9663-5e4de2550353,TCGA-GN-A264,a15bfa8a-ade0-4167-8cd4-5a860a5c4f9d,673.8567,1,high
6f5157b8-d43a-4fbc-b7da-23629f5b53da,TCGA-D3-A2J6,fe048b7b-8589-4691-8343-b18953b47fd1,673.3978,1,high
a67fd5bb-b6b6-4e00-9acd-68d0a59b5e55,TCGA-EE-A20I,3826d622-5408-4faf-a4dc-dc8c0b4d09af,672.4657,1,high
f1a69042-8347-45c1-b925-8526a8443b86,TCGA-FR-A2OS,9eea238f-8581-462a-bbba-18d5fbe2ad29,670.7994,1,high
f5f42370-9974-4375-b338-5f68bb0c3958,TCGA-EB-A5UL,b9f7e5c9-7033-4ab1-a3c0-801feddb9eeb,665.0468,1,high
455f982c-a067-46ac-bf89-3e535d0ffca0,TCGA-BF-A1PZ,aeada084-449f-4752-8794-61b0e89d213d,663.0074,1,high
e35be832-6972-4677-b985-02e90d51141a,TCGA-ER-A3EV,c8d806cf-3298-4072-b800-19e9faa14f5c,661.1484,1,high
2ea7ad21-3324-4eda-8c82-fc2ceea2fc73,TCGA-DA-A1IA,971db7b3-354f-49ab-810c-dab3f78d2d7e,660.2143,1,high
d28b2d64-2399-4ce1-9c9a-7538dabab862,TCGA-EE-A2MD,3307cc3b-99b9-4a48-82ed-a57f3ac67229,656.9157,1,high
730f7400-e94a-4f41-b081-5227fa1a9c18,TCGA-D3-A3CE,e9e1421b-3a11-4854-a151-4724ab17a193,655.1855,1,high
b5abfbd1-8f92-4ba3-8f2b-801fb600397a,TCGA-FS-A4FC,ccac6678-84f2-4719-a837-c6011133be2b,654.0194,1,high
01cfbfae-f344-439d-aeab-a9e15d636325,TCGA-EE-A2ML,ed10b8f7-46a7-45b2-98e0-966b485d3dac,650.9944,1,high
53de8f81-a226-4ab9-bddc-856ffd111817,TCGA-BF-A5EQ,2b41f892-17f8-4657-8212-c1c15d960e3f,640.6523,1,high
d7ade261-b624-4e47-8a82-591bf1a8faa4,TCGA-DA-A95V,c4d6825d-8b46-41c5-8902-7919da14ffb9,638.5329,1,high
2d36cea4-73e9-493b-8433-0c2b911c0521,TCGA-D3-A3CC,bd32096f-1c2a-44e5-b42d-27c66883665d,221.5888,0,low
40e17bf8-6c19-4e5e-b60d-ad54f504a970,TCGA-DA-A1HY,fc2da737-fbd3-49b5-9cb6-077044119d0c,221.1267,0,low
691a5156-281d-4fd6-b44a-299a3e8dc3e3,TCGA-ER-A42K,caf4a07f-721c-42bd-8496-a9cc06f9200f,219.4257,0,low
a9eb1022-ffd3-42de-a39d-2126fc7ec0ce,TCGA-ER-A196,5a9e2b1d-ba94-4aa6-aea8-97a29efea791,218.9973,0,low
633ddc04-c424-42c8-8e54-673968b130a7,TCGA-BF-A1Q0,9d8077b2-bae2-478d-bacc-fd1e5c6e61e7,217.3097,0,low
791d3824-890f-43f2-b545-c7266506d716,TCGA-D3-A51T,d91dda83-58a8-4a35-afdc-c59c3c146827,213.7047,0,low
e653f888-37cf-41d5-a1cf-45397c90b31d,TCGA-EE-A2MG,8b544cdb-6076-40ba-bbdb-37635e19be83,212.9108,0,low
2ff77467-19f8-45a0-8d42-2f9a69295498,TCGA-D3-A3C1,77859e33-6cbf-421a-b7b2-f17fda808f95,211.3052,0,low
6c353b35-4f6d-4a36-bc8b-8a21dd0beecb,TCGA-ER-A2NH,4da1dea6-f059-49b0-b989-4e0ebd7b18fe,207.3969,0,low
c3d4caa5-eebc-4276-b1e1-ab9494867b10,TCGA-D3-A3BZ,3c0d074c-da2d-4c18-bb48-daf73f69c79c,204.4166,0,low
c714c48f-a18c-4110-a82d-3cc95c315afd,TCGA-D3-A5GR,b2daff13-4bef-4182-b8ad-61fdc38b7568,203.4965,0,low
51b4e55c-5307-4a13-9b2a-fbd58575335e,TCGA-ER-A195,511a35d0-d1d1-476f-99ec-ce3c5511aad2,202.1701,0,low
8d7f8f4d-aef9-4d1b-bfb4-7ed85b0797b3,TCGA-WE-A8K6,b67d64a1-f19f-47ca-b22d-31ac89cb9e43,200.845,0,low
e9f0f030-d9aa-47c8-9f4d-a9ce58888c41,TCGA-BF-A3DL,697cf437-ef38-4203-af4f-b36ec2c81493,198.5487,0,low
9817ec15-605a-40db-b848-2199e5ccbb7b,TCGA-W3-AA1V,4050fc40-52ea-413f-a38d-71ddf4c33413,197.6249,0,low
e5bc45ce-8a14-40b5-b9b5-ce45609fef3a,TCGA-FW-A3R5,4ac2bcec-d4e5-4491-8042-4cbd5327a1da,197.4758,0,low
d241a660-1c84-44fa-a6b3-ec9284333bd2,TCGA-DA-A95X,5660d9c5-d7e8-4ee9-a385-17d5d5666c76,194.7368,0,low
eff78af6-0f68-49b9-866b-0d511606f2b1,TCGA-BF-A1PV,09d5efc7-ba65-495d-a9fa-e38e49500be3,193.6851,0,low
e9e615a1-9323-49d3-904c-fcf4887fea61,TCGA-D3-A2J9,70fd4072-7a4e-4613-b528-2f31753a72c9,193.3963,0,low
714b4003-959a-47d5-8912-a250b90d7cd4,TCGA-EE-A182,c7fdb010-901f-4c54-989d-9199c79748f4,189.1331,0,low
81807b84-da9c-4847-a303-5a8c7297127c,TCGA-W3-AA1Q,958ed743-9140-4ee6-b66b-4cae36f10b30,187.5739,0,low
b829885f-8681-4b00-b301-8b0e0c2c6684,TCGA-D3-A3CB,8dfc111d-af9f-4ffb-a6ff-d0fffa16f8d4,187.0773,0,low
50e4cdbc-b10b-4c6c-9981-68defa1a8fe0,TCGA-D3-A51H,26df792e-6170-4252-b133-1036a584261f,181.3563,0,low
197ac33e-d5df-40de-92f2-6ef7fe2ad6dd,TCGA-BF-A1PX,2716fe1d-01ab-43b1-9f3b-cbc1ce9c7cbc,180.7205,0,low
8ee500d6-c7b3-46e9-86d0-933695934707,TCGA-EE-A29G,3f635b2c-5deb-4ac1-966d-e5e859747f75,180.2215,0,low
62393dab-ab41-4785-9a57-aa4c25d223e9,TCGA-BF-A3DJ,1f8cef65-ab1f-44cf-b706-7f1f25926dc0,178.9492,0,low
2897a728-ec7b-4321-b0fe-3575b7c6ee39,TCGA-FR-A8YD,3494de61-2d94-4acf-8e54-705f811a764e,178.1911,0,low
931e39cd-b0c4-437f-b6c5-9358d74ea533,TCGA-DA-A960,dd41a5ee-d4d1-4997-9c41-3998556ae1c8,176.9374,0,low
16182443-12a1-4b0f-a6ab-33c2942e2991,TCGA-D3-A3C8,738d4e33-28a2-42a7-a9b9-c8b44bf3e787,168.6136,0,low
f311877d-021a-423b-a6f5-e574c9a3ca7c,TCGA-WE-A8ZN,9baec627-bdef-4d0c-8d55-84397e2d35ce,166.8647,0,low
d6283ab0-9019-4ad2-93aa-2e6b39cd9641,TCGA-EE-A3J5,d076714e-3a5a-479e-81d5-2a377d3e37ea,162.1873,0,low
854466bf-b943-4acb-b4f1-6b285cb813e3,TCGA-D3-A5GO,9e16818c-197c-459b-8747-f59474bdce71,161.4165,0,low
d0680568-bbb3-4561-9e4b-08fe2a4832cb,TCGA-D3-A8GO,0ffda990-2112-4d7e-9d9e-e002b2e0ffd5,160.5055,0,low
affb02c3-ec15-465e-8296-6a32132d542e,TCGA-D3-A2J8,e3339be2-e251-41bd-8be2-03304ef09011,159.7988,0,low
1b3f92b7-658a-4bbd-b086-20c1cd976d54,TCGA-ER-A2ND,1abedfee-a1fd-45f1-9e3a-f43338d80ed5,158.8548,0,low
2f5813a8-97a6-4a96-886d-38f29272b16c,TCGA-FS-A4F8,2673447a-63f1-4221-87d7-c959a6d495c8,158.2641,0,low
9ee83669-d7a4-476e-8857-304600b4917a,TCGA-ER-A19N,02549626-0196-4d16-8627-ce10c151256f,156.3083,0,low
2e7cfa51-8965-4c11-8fef-077fd258fbe4,TCGA-EE-A3JH,67dd7c74-80e4-449a-bd20-133a423419d0,152.1093,0,low
c9dea107-fc12-4559-ad27-2800ae6b42e4,TCGA-EE-A2MM,e9814e23-2b75-4b4e-804f-12193a528da1,149.8073,0,low
8b6b1cbf-dedb-4c99-8f75-eafbe5c43592,TCGA-XV-A9W2,4f81c82d-c1a4-441f-ac6b-535c828e6c94,148.4407,0,low
7b7a49b5-5be8-4966-8f3a-e6e01e694f86,TCGA-D3-A1Q8,defe5fb5-4dd8-4fc7-9cce-534bb5190357,147.9071,0,low
4811d530-ae99-4670-9f99-86996d667676,TCGA-EE-A29A,f49a4212-5c4a-4c46-aba5-2d586e100070,140.1177,0,low
0e597498-44ad-40ae-bb83-f1b27388ec0a,TCGA-D3-A3MR,1e7f4af7-c5dc-4724-bd72-caedcb49dd6a,136.3324,0,low
50dc9c63-c491-4afc-ab12-74b40eba58b6,TCGA-EB-A85I,48797c31-ab2a-48b0-add1-25954dc8c901,135.0112,0,low
20ae4c90-ea2e-42e8-bc0e-f0e6be0dadeb,TCGA-D3-A2JN,7004618e-df6f-491f-a7c7-4dd2bd07c594,130.0544,0,low
74596c13-8b5d-4289-a3c0-446fa968b241,TCGA-FS-A4F4,b6c72061-cab4-4aef-bd33-3b0b4881bed2,126.7328,0,low
ec4cc744-04df-4ba9-9159-e4940c702281,TCGA-GF-A4EO,60b03d91-797f-4251-b13a-3ce71b189cc5,126.3755,0,low
a29a20e3-5c2c-4f37-b93e-ae9ebc46ec53,TCGA-3N-A9WD,af9653fc-f863-4e78-92a8-4ec683d44461,123.8752,0,low
236ef9ca-9362-44f3-a36b-2a19509bab9d,TCGA-EB-A4OZ,f5cb8623-1932-48a9-b2d3-e769b76a6f9a,120.5109,0,low
6ec931e1-7a6f-47a8-8b30-f37271a50881,TCGA-D3-A8GK,32dab809-4c81-439d-8bd6-e41b52dfbfd5,119.066,0,low
ccf8809a-cdfd-46f7-b607-001b8b91c1a4,TCGA-FR-A69P,2b9aca13-857c-4aca-ae39-61d02c7e5924,117.7126,0,low
c061ae6c-7a02-47c3-aecd-a56487c01603,TCGA-EE-A2MI,bc3c5640-1221-40e4-b742-e8642ffc05a5,116.8371,0,low
511aa521-f38d-4ab7-9611-d8c1fec4c22b,TCGA-FW-A3TU,78101e78-65fb-4d52-bac8-20df20edb69c,115.2936,0,low
33d7cccb-6349-4337-8c5b-6e3e8b3c7af1,TCGA-D3-A2JA,780701d7-0632-40df-9860-88b1036686da,110.3717,0,low
bda2f09a-82c4-40ec-90e8-0bf63916a5c7,TCGA-ER-A2NB,32c1be5e-e833-43f5-a515-75b6e54dbefb,110.2936,0,low
783eb662-7d7a-4637-8500-e2d86d73ec7b,TCGA-EE-A2GO,8620ba67-3c2b-43c8-a72d-987f52b14037,109.3633,0,low
f94ae8f2-d555-4c2a-97b0-dbe7d642c566,TCGA-GF-A3OT,a52ad41c-475e-41fb-a6f6-c3bc0caaed03,106.168,0,low
2316bc62-974a-4dfd-8ee2-9e4a08660a45,TCGA-D3-A51F,72e923f1-e883-4059-9ca9-819f575a010f,104.3774,0,low
5359d381-e7f2-4155-a559-7da9cda42ed9,TCGA-RP-A6K9,ee83417e-c740-4600-9461-a837aec99a47,102.7784,0,low
960899ed-b61b-4b20-b16d-e37dffb01aa3,TCGA-EB-A553,7cfb8928-da64-4476-a214-d77b27f2f8b2,102.3326,0,low
4274d9ab-679f-453c-b086-7535cf798f0a,TCGA-D3-A8GB,31345409-df9a-48b9-91fd-09a18e099aa0,102.0465,0,low
dceb4909-cb3e-4aa5-8ff6-23d27b39aca3,TCGA-D3-A2JB,156d125e-470e-45e5-9d45-73392a8ab1e3,99.9271,0,low
4801c721-166f-4939-8ab7-aa024bec7089,TCGA-EE-A2GE,5c5b0972-267f-481b-88d6-7800e7cd52f2,96.9086,0,low
5f6df69c-4ebf-4811-8b28-ad393dfbe1a3,TCGA-ER-A19L,4b99dab3-9393-4c29-a093-67878c3cdbf1,87.4326,0,low
8352cbb0-10e7-40bd-96f0-1e982ab4c07b,TCGA-BF-A5EO,02213727-89b2-4d33-84cb-2cb1af63206e,81.2013,0,low
0f7ff1fc-95ec-4eb5-a308-6b8f24eec29a,TCGA-EE-A3AB,df0c6c78-bbd5-4277-aa8c-baed39c22c5b,80.7263,0,low
4a2135bd-31ff-4564-9e87-1164b3422f61,TCGA-XV-A9VZ,397d35c9-da0a-4967-a30d-cc02fb35b127,80.3792,0,low
b8a1732f-c1cb-4a02-af4f-61b63d3d52df,TCGA-EE-A3JD,134ebf9f-1250-47c1-9bca-f4e0e152d2ac,76.5786,0,low
08d2b181-2b6e-4754-bfa9-5a94a1f18526,TCGA-GN-A263,c3183b2f-9803-4d4e-8425-9bc1df199005,70.8431,0,low
9b99ffee-fe9f-4be5-a00a-ef86627282a4,TCGA-EE-A29T,cfd69a9f-0e5b-4710-9f4c-e2c635aa052e,69.0259,0,low
ab74d6ed-880e-4470-bfd5-2974a4c3a0d7,TCGA-GN-A267,5598235e-d2d1-46b9-9ef7-b1cab62fb633,68.8519,0,low
29476d6a-0d06-4a18-8910-c0502f6539ff,TCGA-D3-A1Q3,67694d6e-4c3c-4041-b97a-862aaaba8c89,67.1854,0,low
3429967f-4f77-4894-bf27-c4a22698ca92,TCGA-GN-A266,293f11c8-1d40-4ff1-84be-ca82847e1c20,62.0667,0,low
0dcd7af7-ea83-4131-821d-a17943919c1a,TCGA-EE-A2MU,75dce2b2-d301-4e8a-ae5a-b9065275e492,59.7618,0,low
46801be1-f035-421f-aae4-81baf3bb8d40,TCGA-GF-A6C9,67bdcff7-5af1-4f24-8eac-f47c133c9398,53.4819,0,low
fd1a49f2-fb3b-481d-888e-f4224d59f6d1,TCGA-EE-A29P,02e637c0-a367-4b3c-a2d1-e9ff3297a4fd,50.2872,0,low
3b62e38c-d473-4329-86ab-5d4977f92b09,TCGA-D3-A3C7,1e30f630-887a-4cff-a262-c0bac82c3af5,49.5453,0,low
449c9d70-d8aa-41d4-beeb-0bbfc73a23d8,TCGA-EE-A2MR,efdfc201-4aa3-49cb-ae6b-e5746bb7244e,48.864,0,low
021d32b0-a94a-4dad-95f4-8eb0abd894bf,TCGA-HR-A2OG,2ce33010-4c28-423d-99e0-e006d9a2985c,48.616,0,low
0b1f4f52-12ec-44ab-8283-a502bdf48c3a,TCGA-D9-A149,a85800db-9522-4bb5-a95e-0fa7a21f1776,47.8885,0,low
fa099993-ef30-4eff-a8fb-aa41b5ea671a,TCGA-GN-A26C,5a02f129-6918-4628-a87b-31a0d4d7e40a,47.2804,0,low
b53cf25c-929c-4f1a-870e-13f260c5cf7d,TCGA-EB-A3HV,a0bbd6e3-9296-452c-9012-86aeccf66e32,44.4454,0,low
a0bb7e56-85e1-4bc7-9515-f4279356e6d1,TCGA-FR-A8YE,77bac74b-40d3-4b5d-9b34-d8163e3b9489,40.6279,0,low
ba207d79-91c0-45dc-a784-4bcaec580eb4,TCGA-W3-A828,2c855c89-f5fc-44fb-b083-67284febb42b,40.2328,0,low
021a9431-7fdc-42b8-9ff0-e17ded79ff1d,TCGA-ER-A42L,b515b2b2-acd1-48a7-a9ad-42d219dffe6c,39.9285,0,low
c58638ed-a38c-4494-a41e-6ee5283a7a59,TCGA-D3-A2JF,a92a02db-9c43-46c6-8aab-5b89852df242,39.6361,0,low
1fb5b4fd-8891-4a21-96b6-45d4b848cc66,TCGA-FR-A7U9,756a8224-cb4d-42ca-b74e-d1ae6df37ffe,38.7798,0,low
b44cced8-88db-4769-a1b0-b09d28558277,TCGA-BF-A5ER,0d4fceab-190d-4e98-93b5-6c86c6988e2e,38.2403,0,low
88314f23-3446-4102-a117-b65a8520d8e6,TCGA-ER-A3PL,d39cca6c-336d-4c52-b70b-af97b6af6ac8,35.8916,0,low
b2fbea07-eede-4ab1-994a-da26583a5106,TCGA-XV-AAZY,fb3fc884-12f8-4634-8439-6d306fb59aff,34.4633,0,low
dfe9d2bd-2317-4103-b493-41c5469e08a0,TCGA-BF-AAOU,78bc8a71-9cde-4a7b-bb58-233985dea6fa,33.4259,0,low
f788f950-7953-47a6-b833-f9e5daa28fd3,TCGA-ER-A2NG,95e466b9-f09c-42e1-b23c-844aa3e644c7,33.417,0,low
41fcb9d3-9fb0-4625-98f4-1f564095ebc2,TCGA-ER-A19A,04e2cdb4-4e22-4d01-b451-18002e2df72c,29.359,0,low
1251acee-ceb4-4530-ba5b-4d163fcab8d2,TCGA-ER-A1A1,ca2e3afb-057d-4b8c-b73d-003fa45af981,27.6513,0,low
2d8868ab-a7db-4cbd-a9af-cc485b29c177,TCGA-D3-A51J,86a34fc7-5de9-404a-80a3-9b08328fd8f0,24.9331,0,low
3dd5a206-d7f3-42f1-b9cc-4b31c76d495d,TCGA-BF-A1PU,4baea7f2-ebc6-41bf-9d87-ee39b6114c03,22.3938,0,low
f18cfe4a-fffd-4e09-9eef-343ba9ffd0d1,TCGA-EE-A2GK,80dde448-267a-474b-9704-d6f851fac063,17.8074,0,low
015ba831-106b-4b84-9e8c-243a9eeeebf6,TCGA-EE-A3AF,df4671bc-f386-4e21-a8d6-b624c71daf2f,7.479,0,low
92116b0b-e614-4a27-a3c2-207e561c788b,TCGA-XV-AAZV,e840cd4c-03c4-4f8a-934d-96b655973f71,7.0227,0,low
5b10234b-6189-449f-8886-d0d44a729ced,TCGA-Z2-AA3V,3687bc2e-d96d-49e7-a3d7-c6d4c532d689,4.5942,0,low
4d22dce6-0f25-44ee-89e7-5b5ee2ee9799,TCGA-FS-A4F2,d7225a0b-71e4-412d-a39b-c2487836af8f,3.9939,0,low
2f1bbe96-49d9-417b-bc9c-a09992489340,TCGA-EB-A24C,0aaec814-e30d-489b-928d-62776b8028cd,2.9283,0,low
beab616a-256e-48f3-a458-028897a6138c,TCGA-D3-A8GI,374da7c9-c38e-40e7-98a3-99c0b632d89d,2.671,0,low
dcc005ba-f8c9-4845-bf08-0dbabe291c9a,TCGA-D3-A8GE,90cb69cb-502b-429e-be32-6378cb5d1bee,2.2419,0,low
cfe787b3-8297-4318-987c-bfadd743d767,TCGA-D9-A6EA,9bbb8d76-226b-46b8-9adb-c8555826a0c3,1.7869,0,low
080bb1f8-f20c-4daa-9de3-b5782b69583c,TCGA-EB-A5VV,1930202c-c766-4106-b6c8-36b82ca507db,1.6902,0,low
32e40e0b-e74b-428c-acd3-84ec6a80c024,TCGA-EB-A5SF,ffcf6ae1-5491-43cb-9b66-54addaa56362,1.1819,0,low
1e3bc429-50eb-4087-b39a-6d92f03412f7,TCGA-D3-A8GC,545e47c0-281d-4a8e-9dc7-bb783516667e,1.0726,0,low
d70e0d27-7f27-4807-a36e-9fb7b00f0a70,TCGA-EE-A2ME,94f73ca7-d3e5-412f-ad44-00256eb80065,0.7029,0,low
8465257b-7212-44a3-bd9f-1f7d017499ad,TCGA-FS-A1Z4,9a733e63-6340-4ac2-ba6d-84f52135a057,0.6939,0,low
9a7656cf-75a4-4b1f-a2d2-25e3ec147e63,TCGA-FW-A5DY,46b8b1b4-8793-4438-8d5e-9295368f0f7e,0.5466,0,low
ee143e06-0334-45dd-a2b0-1169527d6b4e,TCGA-EB-A41A,3a9207af-6a95-4ee4-91d5-79510f10e6e2,0.4782,0,low
a20aeafc-9a68-4af0-87ea-532ee835ebb2,TCGA-DA-A3F2,4d75ec26-b48f-4ca9-a1b9-4a519ee7d3aa,0.4518,0,low
122f855b-f3b8-440b-bf9b-e24e1d3db867,TCGA-WE-AA9Y,bbc13cd0-5837-499b-b819-a8e77a04f4cd,0.3181,0,low
44b5453a-3009-43b9-bc34-71a11a6d5e63,TCGA-D3-A8GM,6181aef4-c42d-4b29-be35-e502db0d697d,0.2874,0,low
667d5c5e-abc0-4fb8-b6c4-739f7cb3f0fe,TCGA-EB-A5UM,322086e7-d452-48ed-8ee6-3dfc62dcfecd,0.2408,0,low
0d68acef-b6a0-4a8b-9088-15b9103e6aaf,TCGA-EE-A3J8,731d5053-54b5-4ee5-8697-de22da1798ff,0.0,0,low
